0.7,1.0,10000.0,10,5,1.1934739846849283,"[0, 0, 0, 0, 0, 0, 0, 0, 0, 0]"
0.7,1.0,10000.0,10,5,1.1934739846849283,"[1, 1, 1, 1, 1, 1, 0, 1, 1, 1]"
0.7,1.0,10000.0,10,5,1.1934739846849283,"[1, 2, 1, 2, 2, 2, 1, 2, 2, 2]"
0.7,1.0,10000.0,10,5,1.1934739846849283,"[2, 3, 2, 3, 2, 3, 2, 3, 3, 3]"
0.7,1.0,10000.0,10,5,1.1934739846849283,"[3, 3, 3, 3, 3, 3, 3, 3, 4, 3]"
0.7,1.0,10000.0,10,5,1.1934739846849283,"[4, 3, 4, 4, 4, 3, 4, 4, 4, 4]"
0.7,1.0,10000.0,10,5,1.1934739846849283,"[4, 5, 5, 5, 4, 4, 4, 4, 5, 5]"
0.7,1.0,10000.0,10,5,1.1934739846849283,"[6, 6, 5, 6, 4, 6, 5, 5, 5, 5]"
0.7,1.0,10000.0,10,5,1.1934739846849283,"[7, 7, 7, 6, 6, 6, 7, 6, 6, 6]"
0.7,1.0,10000.0,10,5,1.1934739846849283,"[7, 7, 7, 7, 7, 6, 7, 7, 6, 7]"
0.7,1.0,10000.0,10,5,1.1934739846849283,"[8, 8, 7, 8, 8, 8, 8, 8, 8, 7]"
0.7,1.0,10000.0,10,5,1.1934739846849283,"[8, 9, 8, 9, 9, 8, 9, 8, 9, 8]"
0.7,1.0,10000.0,10,5,1.1934739846849283,"[10, 10, 9, 9, 9, 9, 9, 10, 9, 9]"
0.7,1.0,10000.0,10,5,1.1934739846849283,"[10, 10, 10, 10, 10, 9, 9, 10, 9, 10]"
0.7,1.0,10000.0,10,5,1.1934739846849283,"[11, 11, 11, 11, 11, 11, 11, 11, 11, 11]"
0.7,1.0,10000.0,10,5,1.1934739846849283,"[12, 12, 12, 12, 12, 11, 11, 12, 11, 11]"
0.7,1.0,10000.0,10,5,1.1934739846849283,"[13, 12, 13, 12, 12, 13, 12, 12, 12, 13]"
0.7,1.0,10000.0,10,5,1.1934739846849283,"[13, 13, 13, 13, 13, 13, 13, 13, 13, 13]"
0.7,1.0,10000.0,10,5,1.1934739846849283,"[14, 14, 14, 14, 14, 15, 14, 14, 14, 14]"
0.7,1.0,10000.0,10,5,1.1934739846849283,"[14, 14, 15, 14, 14, 15, 15, 14, 14, 15]"
0.7,1.0,10000.0,10,5,1.1934739846849283,"[15, 15, 15, 15, 14, 15, 15, 15, 15, 15]"
0.7,1.0,10000.0,10,5,1.1934739846849283,"[16, 16, 15, 16, 16, 16, 16, 16, 15, 16]"
0.7,1.0,10000.0,10,5,1.1934739846849283,"[17, 17, 17, 16, 17, 17, 17, 17, 17, 16]"
0.7,1.0,10000.0,10,5,1.1934739846849283,"[18, 18, 17, 18, 18, 18, 18, 18, 18, 17]"
0.7,1.0,10000.0,10,5,1.1934739846849283,"[18, 19, 17, 19, 18, 18, 18, 18, 18, 18]"
0.7,1.0,10000.0,10,5,1.1934739846849283,"[19, 19, 19, 19, 18, 19, 19, 18, 19, 19]"
0.7,1.0,10000.0,10,5,1.1934739846849283,"[20, 20, 19, 20, 20, 19, 20, 19, 20, 20]"
0.7,1.0,10000.0,10,5,1.1934739846849283,"[21, 21, 20, 21, 21, 20, 21, 21, 21, 21]"
0.7,1.0,10000.0,10,5,1.1934739846849283,"[23, 22, 22, 22, 23, 22, 23, 22, 22, 22]"
0.7,1.0,10000.0,10,5,1.1934739846849283,"[23, 23, 23, 23, 23, 22, 23, 23, 22, 23]"
0.7,1.0,10000.0,10,5,1.1934739846849283,"[23, 24, 24, 24, 24, 24, 24, 24, 25, 24]"
0.7,1.0,10000.0,10,5,1.1934739846849283,"[24, 25, 24, 24, 25, 24, 24, 25, 25, 25]"
0.7,1.0,10000.0,10,5,1.1934739846849283,"[26, 26, 25, 26, 25, 25, 25, 26, 26, 26]"
0.7,1.0,10000.0,10,5,1.1934739846849283,"[27, 26, 26, 27, 27, 26, 26, 26, 27, 26]"
0.7,1.0,10000.0,10,5,1.1934739846849283,"[27, 27, 27, 27, 28, 27, 27, 27, 27, 27]"
0.7,1.0,10000.0,10,5,1.1934739846849283,"[27, 27, 28, 28, 28, 28, 27, 27, 28, 27]"
0.7,1.0,10000.0,10,5,1.1934739846849283,"[29, 28, 28, 29, 29, 28, 28, 28, 29, 28]"
0.7,1.0,10000.0,10,5,1.1934739846849283,"[29, 28, 28, 29, 29, 29, 28, 29, 29, 28]"
0.7,1.0,10000.0,10,5,1.1934739846849283,"[29, 28, 29, 29, 29, 29, 30, 30, 29, 29]"
0.7,1.0,10000.0,10,5,1.1934739846849283,"[30, 29, 30, 29, 30, 29, 30, 30, 30, 30]"
0.7,1.0,10000.0,10,5,1.1934739846849283,"[32, 32, 31, 31, 31, 31, 32, 31, 31, 32]"
0.7,1.0,10000.0,10,5,1.1934739846849283,"[33, 32, 33, 32, 32, 32, 33, 33, 32, 32]"
0.7,1.0,10000.0,10,5,1.1934739846849283,"[33, 34, 34, 34, 34, 33, 34, 34, 34, 33]"
0.7,1.0,10000.0,10,5,1.1934739846849283,"[33, 34, 34, 34, 34, 34, 34, 34, 34, 34]"
0.7,1.0,10000.0,10,5,1.1934739846849283,"[35, 34, 34, 34, 34, 34, 34, 34, 34, 34]"
0.7,1.0,10000.0,10,5,1.1934739846849283,"[35, 36, 36, 35, 36, 35, 36, 36, 36, 35]"
0.7,1.0,10000.0,10,5,1.1934739846849283,"[36, 36, 36, 37, 36, 36, 36, 37, 36, 36]"
0.7,1.0,10000.0,10,5,1.1934739846849283,"[37, 36, 36, 37, 37, 37, 37, 37, 37, 37]"
0.7,1.0,10000.0,10,5,1.1934739846849283,"[38, 37, 38, 37, 38, 38, 38, 37, 37, 37]"
0.7,1.0,10000.0,10,5,1.1934739846849283,"[39, 39, 38, 38, 38, 38, 39, 39, 39, 38]"
0.7,1.0,10000.0,10,5,1.1934739846849283,"[39, 39, 39, 40, 39, 39, 39, 39, 39, 39]"
0.7,1.0,10000.0,10,5,1.1934739846849283,"[40, 40, 39, 40, 39, 40, 39, 39, 40, 40]"
0.7,1.0,10000.0,10,5,1.1934739846849283,"[41, 41, 41, 40, 40, 40, 40, 40, 40, 40]"
0.7,1.0,10000.0,10,5,1.1934739846849283,"[42, 41, 41, 41, 41, 41, 41, 42, 41, 41]"
0.7,1.0,10000.0,10,5,1.1934739846849283,"[42, 42, 41, 42, 42, 42, 42, 42, 42, 42]"
0.7,1.0,10000.0,10,5,1.1934739846849283,"[43, 44, 43, 43, 43, 43, 42, 43, 42, 43]"
0.7,1.0,10000.0,10,5,1.1934739846849283,"[43, 44, 43, 43, 44, 44, 43, 44, 44, 44]"
0.7,1.0,10000.0,10,5,1.1934739846849283,"[44, 45, 44, 45, 45, 45, 45, 45, 45, 45]"
0.7,1.0,10000.0,10,5,1.1934739846849283,"[46, 46, 46, 45, 46, 46, 45, 45, 45, 45]"
0.7,1.0,10000.0,10,5,1.1934739846849283,"[47, 46, 46, 46, 46, 47, 46, 46, 46, 45]"
0.7,1.0,10000.0,10,5,1.1934739846849283,"[48, 47, 47, 47, 47, 47, 47, 47, 47, 47]"
0.7,1.0,10000.0,10,5,1.1934739846849283,"[48, 48, 47, 48, 48, 48, 48, 48, 48, 48]"
0.7,1.0,10000.0,10,5,1.1934739846849283,"[48, 49, 49, 49, 49, 49, 49, 49, 50, 49]"
0.7,1.0,10000.0,10,5,1.1934739846849283,"[49, 50, 49, 49, 50, 49, 50, 49, 50, 49]"
0.7,1.0,10000.0,10,5,1.1934739846849283,"[49, 50, 49, 50, 51, 49, 50, 49, 50, 50]"
0.7,1.0,10000.0,10,5,1.1934739846849283,"[49, 51, 50, 50, 51, 50, 50, 50, 51, 51]"
0.7,1.0,10000.0,10,5,1.1934739846849283,"[50, 51, 51, 51, 51, 51, 51, 51, 52, 51]"
0.7,1.0,10000.0,10,5,1.1934739846849283,"[51, 51, 52, 51, 51, 52, 51, 52, 52, 52]"
0.7,1.0,10000.0,10,5,1.1934739846849283,"[53, 53, 53, 53, 52, 53, 52, 53, 53, 53]"
0.7,1.0,10000.0,10,5,1.1934739846849283,"[53, 53, 53, 54, 53, 54, 54, 54, 54, 53]"
0.7,1.0,10000.0,10,5,1.1934739846849283,"[53, 54, 55, 54, 54, 54, 54, 54, 54, 54]"
0.7,1.0,10000.0,10,5,1.1934739846849283,"[55, 55, 55, 55, 55, 54, 55, 55, 54, 55]"
0.7,1.0,10000.0,10,5,1.1934739846849283,"[56, 56, 56, 56, 56, 55, 55, 56, 56, 56]"
0.7,1.0,10000.0,10,5,1.1934739846849283,"[56, 57, 57, 57, 57, 56, 56, 56, 57, 56]"
0.7,1.0,10000.0,10,5,1.1934739846849283,"[57, 57, 57, 57, 57, 57, 57, 57, 57, 57]"
0.7,1.0,10000.0,10,5,1.1934739846849283,"[58, 58, 58, 58, 58, 57, 58, 57, 58, 58]"
0.7,1.0,10000.0,10,5,1.1934739846849283,"[59, 59, 59, 58, 59, 58, 58, 58, 58, 59]"
0.7,1.0,10000.0,10,5,1.1934739846849283,"[59, 59, 59, 59, 59, 58, 59, 59, 59, 59]"
0.7,1.0,10000.0,10,5,1.1934739846849283,"[60, 59, 60, 60, 60, 59, 59, 60, 60, 59]"
0.7,1.0,10000.0,10,5,1.1934739846849283,"[60, 60, 60, 60, 60, 61, 60, 60, 60, 61]"
0.7,1.0,10000.0,10,5,1.1934739846849283,"[61, 61, 61, 61, 61, 62, 61, 61, 61, 62]"
0.7,1.0,10000.0,10,5,1.1934739846849283,"[62, 61, 62, 62, 61, 62, 62, 62, 62, 62]"
0.7,1.0,10000.0,10,5,1.1934739846849283,"[62, 61, 62, 62, 62, 62, 63, 62, 62, 62]"
0.7,1.0,10000.0,10,5,1.1934739846849283,"[64, 63, 63, 63, 63, 64, 63, 62, 63, 64]"
0.7,1.0,10000.0,10,5,1.1934739846849283,"[64, 63, 64, 64, 64, 64, 64, 64, 64, 64]"
0.7,1.0,10000.0,10,5,1.1934739846849283,"[65, 64, 64, 65, 64, 64, 64, 64, 64, 65]"
0.7,1.0,10000.0,10,5,1.1934739846849283,"[65, 65, 64, 65, 64, 65, 65, 64, 65, 65]"
0.7,1.0,10000.0,10,5,1.1934739846849283,"[65, 66, 65, 66, 66, 66, 66, 65, 65, 65]"
0.7,1.0,10000.0,10,5,1.1934739846849283,"[66, 67, 65, 66, 66, 66, 66, 67, 66, 66]"
0.7,1.0,10000.0,10,5,1.1934739846849283,"[67, 67, 67, 66, 67, 67, 67, 67, 67, 67]"
0.7,1.0,10000.0,10,5,1.1934739846849283,"[67, 68, 67, 68, 67, 68, 68, 67, 68, 68]"
0.7,1.0,10000.0,10,5,1.1934739846849283,"[68, 68, 69, 69, 68, 68, 68, 69, 68, 69]"
0.7,1.0,10000.0,10,5,1.1934739846849283,"[69, 70, 69, 69, 70, 69, 69, 69, 69, 69]"
0.7,1.0,10000.0,10,5,1.1934739846849283,"[70, 70, 70, 70, 70, 70, 70, 70, 71, 70]"
0.7,1.0,10000.0,10,5,1.1934739846849283,"[71, 71, 70, 70, 71, 70, 70, 70, 71, 70]"
0.7,1.0,10000.0,10,5,1.1934739846849283,"[71, 71, 71, 72, 71, 71, 71, 71, 71, 71]"
0.7,1.0,10000.0,10,5,1.1934739846849283,"[71, 72, 71, 72, 71, 72, 72, 71, 71, 71]"
0.7,1.0,10000.0,10,5,1.1934739846849283,"[72, 72, 71, 72, 72, 72, 72, 72, 72, 72]"
0.7,1.0,10000.0,10,5,1.1934739846849283,"[73, 72, 72, 72, 72, 73, 72, 72, 72, 73]"
0.7,1.0,10000.0,10,5,1.1934739846849283,"[74, 74, 73, 73, 73, 74, 74, 73, 74, 73]"
0.7,1.0,10000.0,10,5,1.1934739846849283,"[74, 75, 74, 75, 74, 74, 75, 74, 74, 75]"
0.7,1.0,10000.0,10,5,1.1934739846849283,"[75, 75, 76, 75, 74, 75, 75, 75, 75, 75]"
0.7,1.0,10000.0,10,5,1.1934739846849283,"[75, 76, 76, 76, 75, 76, 76, 76, 76, 76]"
0.7,1.0,10000.0,10,5,1.1934739846849283,"[76, 76, 76, 76, 77, 77, 77, 76, 77, 76]"
0.7,1.0,10000.0,10,5,1.1934739846849283,"[77, 76, 76, 77, 77, 78, 77, 77, 77, 77]"
0.7,1.0,10000.0,10,5,1.1934739846849283,"[78, 78, 77, 78, 77, 78, 77, 77, 78, 77]"
0.7,1.0,10000.0,10,5,1.1934739846849283,"[78, 79, 78, 78, 78, 78, 78, 78, 78, 78]"
0.7,1.0,10000.0,10,5,1.1934739846849283,"[78, 79, 79, 78, 78, 79, 78, 78, 79, 79]"
0.7,1.0,10000.0,10,5,1.1934739846849283,"[80, 80, 80, 79, 80, 80, 79, 79, 79, 80]"
0.7,1.0,10000.0,10,5,1.1934739846849283,"[80, 80, 81, 80, 81, 80, 80, 80, 80, 80]"
0.7,1.0,10000.0,10,5,1.1934739846849283,"[80, 81, 81, 81, 81, 81, 81, 81, 80, 81]"
0.7,1.0,10000.0,10,5,1.1934739846849283,"[82, 82, 81, 82, 81, 81, 82, 82, 81, 82]"
0.7,1.0,10000.0,10,5,1.1934739846849283,"[82, 82, 83, 83, 82, 82, 82, 83, 82, 82]"
0.7,1.0,10000.0,10,5,1.1934739846849283,"[83, 84, 83, 83, 83, 84, 83, 84, 84, 83]"
0.7,1.0,10000.0,10,5,1.1934739846849283,"[84, 85, 84, 84, 84, 84, 85, 84, 84, 84]"
0.7,1.0,10000.0,10,5,1.1934739846849283,"[84, 85, 84, 84, 85, 85, 85, 85, 84, 85]"
0.7,1.0,10000.0,10,5,1.1934739846849283,"[85, 85, 85, 85, 86, 86, 85, 86, 86, 85]"
0.7,1.0,10000.0,10,5,1.1934739846849283,"[86, 85, 86, 86, 86, 86, 86, 86, 86, 85]"
0.7,1.0,10000.0,10,5,1.1934739846849283,"[88, 87, 87, 87, 88, 87, 87, 88, 87, 87]"
0.7,1.0,10000.0,10,5,1.1934739846849283,"[88, 88, 88, 88, 89, 88, 88, 88, 88, 88]"
0.7,1.0,10000.0,10,5,1.1934739846849283,"[88, 89, 88, 89, 89, 89, 88, 88, 89, 89]"
0.7,1.0,10000.0,10,5,1.1934739846849283,"[90, 89, 89, 90, 89, 90, 89, 89, 89, 89]"
0.7,1.0,10000.0,10,5,1.1934739846849283,"[90, 90, 90, 90, 90, 90, 89, 90, 90, 90]"
0.7,1.0,10000.0,10,5,1.1934739846849283,"[91, 91, 90, 91, 91, 90, 91, 91, 91, 91]"
0.7,1.0,10000.0,10,5,1.1934739846849283,"[91, 92, 92, 92, 92, 91, 92, 91, 91, 92]"
0.7,1.0,10000.0,10,5,1.1934739846849283,"[92, 92, 92, 92, 92, 92, 92, 92, 92, 93]"
0.7,1.0,10000.0,10,5,1.1934739846849283,"[92, 92, 92, 92, 92, 93, 92, 93, 93, 93]"
0.7,1.0,10000.0,10,5,1.1934739846849283,"[93, 93, 93, 93, 93, 93, 93, 93, 93, 93]"
0.7,1.0,10000.0,10,5,1.1934739846849283,"[93, 95, 94, 94, 94, 93, 93, 94, 94, 93]"
0.7,1.0,10000.0,10,5,1.1934739846849283,"[94, 95, 94, 95, 94, 93, 93, 94, 94, 94]"
0.7,1.0,10000.0,10,5,1.1934739846849283,"[95, 95, 95, 95, 94, 95, 94, 94, 95, 94]"
0.7,1.0,10000.0,10,5,1.1934739846849283,"[95, 95, 95, 95, 95, 95, 94, 95, 95, 95]"
0.7,1.0,10000.0,10,5,1.1934739846849283,"[95, 96, 95, 95, 95, 96, 96, 95, 96, 95]"
0.7,1.0,10000.0,10,5,1.1934739846849283,"[95, 96, 95, 96, 95, 96, 96, 96, 96, 97]"
0.7,1.0,10000.0,10,5,1.1934739846849283,"[96, 96, 97, 96, 96, 97, 96, 96, 97, 97]"
0.7,1.0,10000.0,10,5,1.1934739846849283,"[96, 97, 98, 98, 97, 97, 97, 97, 98, 98]"
0.7,1.0,10000.0,10,5,1.1934739846849283,"[99, 98, 99, 98, 99, 98, 99, 99, 98, 98]"
0.7,1.0,10000.0,10,5,1.1934739846849283,"[99, 99, 99, 99, 99, 98, 99, 99, 99, 98]"
0.7,1.0,10000.0,10,5,1.1934739846849283,"[100, 99, 99, 100, 100, 100, 99, 100, 100, 100]"
0.7,1.0,10000.0,10,5,1.1934739846849283,"[100, 101, 101, 101, 100, 100, 100, 100, 101, 100]"
0.7,1.0,10000.0,10,5,1.1934739846849283,"[101, 101, 101, 101, 101, 101, 100, 100, 101, 101]"
0.7,1.0,10000.0,10,5,1.1934739846849283,"[101, 101, 102, 102, 101, 101, 101, 101, 101, 102]"
0.7,1.0,10000.0,10,5,1.1934739846849283,"[103, 102, 103, 102, 102, 102, 103, 102, 103, 102]"
0.7,1.0,10000.0,10,5,1.1934739846849283,"[103, 103, 103, 102, 103, 103, 103, 103, 103, 102]"
0.7,1.0,10000.0,10,5,1.1934739846849283,"[103, 103, 103, 103, 103, 103, 103, 103, 103, 103]"
0.7,1.0,10000.0,10,5,1.1934739846849283,"[104, 104, 104, 104, 104, 104, 104, 104, 105, 104]"
0.7,1.0,10000.0,10,5,1.1934739846849283,"[105, 105, 105, 105, 105, 105, 105, 105, 105, 104]"
0.7,1.0,10000.0,10,5,1.1934739846849283,"[105, 106, 106, 106, 105, 106, 105, 105, 105, 105]"
0.7,1.0,10000.0,10,5,1.1934739846849283,"[106, 107, 106, 107, 106, 106, 105, 106, 106, 106]"
0.7,1.0,10000.0,10,5,1.1934739846849283,"[106, 107, 106, 107, 107, 106, 106, 106, 106, 106]"
0.7,1.0,10000.0,10,5,1.1934739846849283,"[107, 107, 107, 107, 108, 107, 107, 107, 107, 107]"
0.7,1.0,10000.0,10,5,1.1934739846849283,"[108, 108, 107, 108, 108, 107, 107, 108, 108, 108]"
0.7,1.0,10000.0,10,5,1.1934739846849283,"[108, 109, 109, 108, 108, 108, 108, 108, 109, 109]"
0.7,1.0,10000.0,10,5,1.1934739846849283,"[110, 110, 109, 109, 109, 109, 109, 108, 109, 109]"
0.7,1.0,10000.0,10,5,1.1934739846849283,"[110, 110, 109, 110, 110, 109, 109, 109, 110, 109]"
0.7,1.0,10000.0,10,5,1.1934739846849283,"[110, 110, 109, 110, 110, 110, 110, 110, 110, 109]"
0.7,1.0,10000.0,10,5,1.1934739846849283,"[111, 111, 111, 111, 110, 110, 111, 111, 111, 111]"
0.7,1.0,10000.0,10,5,1.1934739846849283,"[111, 112, 112, 111, 112, 111, 111, 111, 112, 111]"
0.7,1.0,10000.0,10,5,1.1934739846849283,"[112, 112, 112, 111, 112, 112, 112, 113, 112, 112]"
0.7,1.0,10000.0,10,5,1.1934739846849283,"[112, 113, 113, 112, 113, 113, 113, 113, 113, 113]"
0.7,1.0,10000.0,10,5,1.1934739846849283,"[113, 114, 114, 114, 114, 114, 114, 113, 114, 114]"
0.7,1.0,10000.0,10,5,1.1934739846849283,"[114, 114, 115, 115, 115, 115, 115, 115, 114, 114]"
0.7,1.0,10000.0,10,5,1.1934739846849283,"[115, 115, 115, 115, 115, 115, 116, 115, 115, 115]"
0.7,1.0,10000.0,10,5,1.1934739846849283,"[115, 115, 116, 115, 115, 115, 116, 115, 115, 115]"
0.7,1.0,10000.0,10,5,1.1934739846849283,"[115, 116, 116, 116, 115, 116, 116, 116, 116, 115]"
0.7,1.0,10000.0,10,5,1.1934739846849283,"[116, 117, 116, 116, 116, 117, 117, 117, 117, 116]"
0.7,1.0,10000.0,10,5,1.1934739846849283,"[117, 117, 118, 117, 117, 117, 117, 118, 117, 117]"
0.7,1.0,10000.0,10,5,1.1934739846849283,"[118, 117, 118, 117, 118, 118, 118, 119, 118, 118]"
0.7,1.0,10000.0,10,5,1.1934739846849283,"[119, 119, 119, 119, 119, 118, 119, 119, 120, 118]"
0.7,1.0,10000.0,10,5,1.1934739846849283,"[120, 120, 120, 120, 119, 120, 120, 119, 120, 120]"
0.7,1.0,10000.0,10,5,1.1934739846849283,"[121, 121, 121, 120, 121, 120, 121, 120, 121, 121]"
0.7,1.0,10000.0,10,5,1.1934739846849283,"[122, 121, 121, 122, 121, 122, 121, 121, 122, 121]"
0.7,1.0,10000.0,10,5,1.1934739846849283,"[122, 121, 122, 122, 122, 122, 122, 122, 122, 122]"
0.7,1.0,10000.0,10,5,1.1934739846849283,"[122, 122, 122, 122, 122, 123, 123, 122, 123, 123]"
0.7,1.0,10000.0,10,5,1.1934739846849283,"[123, 123, 123, 123, 124, 123, 123, 122, 123, 123]"
0.7,1.0,10000.0,10,5,1.1934739846849283,"[123, 124, 123, 124, 124, 124, 124, 123, 124, 123]"
0.7,1.0,10000.0,10,5,1.1934739846849283,"[124, 124, 124, 125, 125, 125, 125, 125, 125, 125]"
0.7,1.0,10000.0,10,5,1.1934739846849283,"[126, 126, 125, 125, 125, 126, 125, 126, 126, 126]"
0.7,1.0,10000.0,10,5,1.1934739846849283,"[126, 126, 125, 126, 126, 127, 127, 126, 126, 126]"
0.7,1.0,10000.0,10,5,1.1934739846849283,"[126, 126, 126, 126, 127, 127, 127, 126, 126, 126]"
0.7,1.0,10000.0,10,5,1.1934739846849283,"[127, 126, 126, 127, 127, 127, 127, 126, 127, 126]"
0.7,1.0,10000.0,10,5,1.1934739846849283,"[127, 128, 128, 128, 128, 128, 128, 128, 127, 127]"
0.7,1.0,10000.0,10,5,1.1934739846849283,"[128, 128, 129, 128, 129, 129, 128, 129, 128, 128]"
0.7,1.0,10000.0,10,5,1.1934739846849283,"[129, 130, 129, 129, 129, 129, 129, 129, 130, 129]"
0.7,1.0,10000.0,10,5,1.1934739846849283,"[130, 130, 130, 130, 129, 129, 130, 130, 130, 130]"
0.7,1.0,10000.0,10,5,1.1934739846849283,"[131, 131, 130, 131, 131, 131, 131, 130, 130, 131]"
0.7,1.0,10000.0,10,5,1.1934739846849283,"[132, 131, 131, 132, 132, 131, 131, 132, 132, 132]"
0.7,1.0,10000.0,10,5,1.1934739846849283,"[133, 133, 132, 133, 132, 133, 132, 133, 133, 133]"
0.7,1.0,10000.0,10,5,1.1934739846849283,"[133, 134, 134, 133, 133, 133, 133, 134, 133, 134]"
0.7,1.0,10000.0,10,5,1.1934739846849283,"[134, 134, 134, 134, 134, 134, 134, 134, 134, 134]"
0.7,1.0,10000.0,10,5,1.1934739846849283,"[135, 134, 134, 135, 135, 135, 135, 134, 134, 134]"
0.7,1.0,10000.0,10,5,1.1934739846849283,"[135, 134, 134, 135, 135, 136, 135, 135, 135, 135]"
0.7,1.0,10000.0,10,5,1.1934739846849283,"[135, 135, 135, 135, 135, 136, 135, 135, 135, 135]"
0.7,1.0,10000.0,10,5,1.1934739846849283,"[136, 136, 136, 135, 135, 136, 136, 136, 135, 136]"
0.7,1.0,10000.0,10,5,1.1934739846849283,"[137, 136, 137, 137, 137, 137, 137, 137, 137, 136]"
0.7,1.0,10000.0,10,5,1.1934739846849283,"[137, 137, 138, 138, 138, 138, 137, 137, 137, 137]"
0.7,1.0,10000.0,10,5,1.1934739846849283,"[139, 139, 139, 139, 139, 139, 139, 139, 138, 139]"
0.7,1.0,10000.0,10,5,1.1934739846849283,"[140, 140, 140, 140, 140, 139, 139, 140, 139, 140]"
0.7,1.0,10000.0,10,5,1.1934739846849283,"[141, 140, 140, 140, 140, 140, 140, 140, 140, 141]"
0.7,1.0,10000.0,10,5,1.1934739846849283,"[141, 141, 141, 141, 142, 141, 141, 141, 142, 141]"
0.7,1.0,10000.0,10,5,1.1934739846849283,"[141, 142, 142, 142, 142, 142, 142, 142, 142, 142]"
0.7,1.0,10000.0,10,5,1.1934739846849283,"[143, 143, 143, 143, 143, 142, 142, 143, 142, 143]"
0.7,1.0,10000.0,10,5,1.1934739846849283,"[143, 144, 143, 143, 143, 143, 143, 143, 144, 144]"
0.7,1.0,10000.0,10,5,1.1934739846849283,"[143, 144, 144, 144, 144, 144, 144, 144, 144, 144]"
0.7,1.0,10000.0,10,5,1.1934739846849283,"[144, 144, 144, 144, 144, 144, 144, 144, 144, 144]"
0.7,1.0,10000.0,10,5,1.1934739846849283,"[145, 145, 145, 145, 145, 145, 144, 144, 145, 145]"
0.7,1.0,10000.0,10,5,1.1934739846849283,"[146, 146, 146, 146, 146, 146, 146, 146, 145, 146]"
0.7,1.0,10000.0,10,5,1.1934739846849283,"[146, 146, 147, 146, 147, 147, 146, 146, 147, 147]"
0.7,1.0,10000.0,10,5,1.1934739846849283,"[148, 147, 147, 147, 148, 147, 147, 147, 147, 148]"
0.7,1.0,10000.0,10,5,1.1934739846849283,"[148, 148, 148, 148, 148, 148, 148, 148, 148, 148]"
0.7,1.0,10000.0,10,5,1.1934739846849283,"[148, 149, 149, 149, 149, 148, 149, 149, 148, 148]"
0.7,1.0,10000.0,10,5,1.1934739846849283,"[150, 150, 150, 150, 150, 149, 150, 150, 150, 150]"
0.7,1.0,10000.0,10,5,1.1934739846849283,"[151, 151, 151, 151, 151, 151, 150, 151, 150, 151]"
0.7,1.0,10000.0,10,5,1.1934739846849283,"[151, 151, 151, 151, 152, 152, 152, 151, 151, 151]"
0.7,1.0,10000.0,10,5,1.1934739846849283,"[152, 151, 152, 151, 152, 152, 152, 152, 151, 152]"
0.7,1.0,10000.0,10,5,1.1934739846849283,"[152, 152, 153, 151, 153, 152, 152, 152, 152, 152]"
0.7,1.0,10000.0,10,5,1.1934739846849283,"[153, 153, 153, 153, 153, 154, 153, 153, 153, 153]"
0.7,1.0,10000.0,10,5,1.1934739846849283,"[153, 154, 153, 154, 153, 154, 154, 154, 154, 154]"
0.7,1.0,10000.0,10,5,1.1934739846849283,"[154, 155, 154, 154, 154, 154, 155, 154, 155, 154]"
0.7,1.0,10000.0,10,5,1.1934739846849283,"[155, 155, 156, 155, 156, 155, 155, 155, 155, 155]"
0.7,1.0,10000.0,10,5,1.1934739846849283,"[156, 156, 156, 155, 156, 155, 156, 155, 155, 156]"
0.7,1.0,10000.0,10,5,1.1934739846849283,"[157, 156, 157, 156, 156, 156, 156, 156, 156, 156]"
0.7,1.0,10000.0,10,5,1.1934739846849283,"[157, 157, 157, 157, 157, 156, 156, 157, 157, 157]"
0.7,1.0,10000.0,10,5,1.1934739846849283,"[157, 158, 157, 157, 158, 158, 157, 158, 157, 158]"
0.7,1.0,10000.0,10,5,1.1934739846849283,"[158, 158, 158, 157, 158, 158, 159, 158, 158, 158]"
0.7,1.0,10000.0,10,5,1.1934739846849283,"[158, 159, 159, 159, 158, 158, 159, 159, 159, 159]"
0.7,1.0,10000.0,10,5,1.1934739846849283,"[160, 161, 160, 159, 160, 160, 160, 160, 160, 160]"
0.7,1.0,10000.0,10,5,1.1934739846849283,"[160, 161, 160, 160, 160, 161, 160, 161, 160, 160]"
0.7,1.0,10000.0,10,5,1.1934739846849283,"[161, 161, 161, 161, 161, 161, 161, 161, 161, 161]"
0.7,1.0,10000.0,10,5,1.1934739846849283,"[162, 162, 162, 162, 161, 161, 162, 162, 162, 161]"
0.7,1.0,10000.0,10,5,1.1934739846849283,"[162, 163, 162, 163, 162, 162, 163, 162, 162, 162]"
0.7,1.0,10000.0,10,5,1.1934739846849283,"[163, 163, 163, 163, 163, 162, 163, 163, 162, 163]"
0.7,1.0,10000.0,10,5,1.1934739846849283,"[163, 164, 163, 163, 163, 164, 163, 163, 163, 164]"
0.7,1.0,10000.0,10,5,1.1934739846849283,"[164, 164, 163, 164, 163, 164, 164, 164, 164, 164]"
0.7,1.0,10000.0,10,5,1.1934739846849283,"[164, 165, 165, 164, 164, 164, 164, 164, 164, 165]"
0.7,1.0,10000.0,10,5,1.1934739846849283,"[166, 165, 166, 165, 165, 165, 165, 166, 165, 165]"
0.7,1.0,10000.0,10,5,1.1934739846849283,"[166, 165, 166, 165, 165, 165, 166, 166, 165, 166]"
0.7,1.0,10000.0,10,5,1.1934739846849283,"[166, 166, 166, 166, 167, 165, 166, 166, 166, 166]"
0.7,1.0,10000.0,10,5,1.1934739846849283,"[167, 166, 167, 167, 167, 167, 167, 167, 167, 167]"
0.7,1.0,10000.0,10,5,1.1934739846849283,"[167, 168, 168, 167, 168, 168, 168, 169, 168, 168]"
0.7,1.0,10000.0,10,5,1.1934739846849283,"[168, 169, 168, 168, 168, 168, 168, 169, 168, 169]"
0.7,1.0,10000.0,10,5,1.1934739846849283,"[169, 169, 169, 169, 169, 168, 168, 169, 169, 169]"
0.7,1.0,10000.0,10,5,1.1934739846849283,"[169, 169, 170, 169, 169, 169, 169, 169, 170, 169]"
0.7,1.0,10000.0,10,5,1.1934739846849283,"[170, 170, 170, 170, 169, 170, 170, 170, 170, 169]"
0.7,1.0,10000.0,10,5,1.1934739846849283,"[170, 170, 171, 170, 171, 170, 170, 170, 170, 170]"
0.7,1.0,10000.0,10,5,1.1934739846849283,"[171, 171, 171, 171, 172, 171, 172, 171, 170, 172]"
0.7,1.0,10000.0,10,5,1.1934739846849283,"[172, 171, 172, 172, 172, 172, 172, 172, 172, 172]"
0.7,1.0,10000.0,10,5,1.1934739846849283,"[172, 172, 174, 173, 173, 173, 173, 173, 172, 173]"
0.7,1.0,10000.0,10,5,1.1934739846849283,"[172, 173, 174, 173, 173, 173, 173, 173, 173, 174]"
0.7,1.0,10000.0,10,5,1.1934739846849283,"[174, 174, 174, 173, 174, 174, 173, 173, 174, 174]"
0.7,1.0,10000.0,10,5,1.1934739846849283,"[175, 174, 175, 175, 175, 174, 174, 173, 175, 175]"
0.7,1.0,10000.0,10,5,1.1934739846849283,"[175, 175, 175, 175, 175, 175, 175, 174, 175, 175]"
0.7,1.0,10000.0,10,5,1.1934739846849283,"[176, 176, 176, 175, 176, 176, 175, 176, 176, 175]"
0.7,1.0,10000.0,10,5,1.1934739846849283,"[176, 176, 177, 177, 177, 177, 177, 177, 177, 176]"
0.7,1.0,10000.0,10,5,1.1934739846849283,"[177, 177, 178, 178, 178, 177, 177, 177, 177, 177]"
0.7,1.0,10000.0,10,5,1.1934739846849283,"[179, 179, 178, 178, 178, 178, 177, 179, 177, 178]"
0.7,1.0,10000.0,10,5,1.1934739846849283,"[179, 179, 179, 178, 178, 178, 179, 179, 177, 179]"
0.7,1.0,10000.0,10,5,1.1934739846849283,"[179, 179, 179, 179, 179, 179, 179, 179, 179, 180]"
0.7,1.0,10000.0,10,5,1.1934739846849283,"[180, 179, 180, 180, 180, 180, 180, 180, 179, 180]"
0.7,1.0,10000.0,10,5,1.1934739846849283,"[180, 181, 181, 180, 180, 180, 180, 181, 179, 181]"
0.7,1.0,10000.0,10,5,1.1934739846849283,"[181, 181, 181, 180, 181, 181, 181, 181, 182, 181]"
0.7,1.0,10000.0,10,5,1.1934739846849283,"[182, 182, 182, 181, 182, 182, 181, 182, 182, 182]"
0.7,1.0,10000.0,10,5,1.1934739846849283,"[183, 182, 182, 182, 182, 182, 183, 182, 182, 183]"
0.7,1.0,10000.0,10,5,1.1934739846849283,"[183, 183, 183, 182, 182, 183, 183, 183, 183, 183]"
0.7,1.0,10000.0,10,5,1.1934739846849283,"[184, 184, 184, 184, 184, 184, 183, 184, 184, 184]"
0.7,1.0,10000.0,10,5,1.1934739846849283,"[184, 184, 185, 184, 184, 184, 184, 184, 184, 185]"
0.7,1.0,10000.0,10,5,1.1934739846849283,"[185, 185, 185, 184, 185, 185, 185, 185, 185, 185]"
0.7,1.0,10000.0,10,5,1.1934739846849283,"[186, 185, 186, 186, 186, 185, 185, 186, 186, 185]"
0.7,1.0,10000.0,10,5,1.1934739846849283,"[186, 187, 186, 186, 186, 186, 186, 186, 186, 187]"
0.7,1.0,10000.0,10,5,1.1934739846849283,"[187, 188, 187, 188, 188, 187, 187, 187, 187, 187]"
0.7,1.0,10000.0,10,5,1.1934739846849283,"[187, 188, 187, 188, 188, 188, 188, 187, 187, 187]"
0.7,1.0,10000.0,10,5,1.1934739846849283,"[188, 188, 188, 188, 189, 189, 188, 188, 189, 188]"
0.7,1.0,10000.0,10,5,1.1934739846849283,"[189, 189, 188, 188, 189, 189, 189, 189, 189, 190]"
0.7,1.0,10000.0,10,5,1.1934739846849283,"[190, 190, 190, 189, 190, 189, 190, 190, 189, 190]"
0.7,1.0,10000.0,10,5,1.1934739846849283,"[191, 190, 191, 190, 190, 191, 191, 191, 191, 190]"
0.7,1.0,10000.0,10,5,1.1934739846849283,"[191, 192, 191, 191, 192, 192, 192, 191, 191, 191]"
0.7,1.0,10000.0,10,5,1.1934739846849283,"[192, 193, 192, 192, 192, 192, 192, 192, 192, 192]"
0.7,1.0,10000.0,10,5,1.1934739846849283,"[193, 193, 194, 193, 193, 193, 194, 193, 193, 193]"
0.7,1.0,10000.0,10,5,1.1934739846849283,"[194, 194, 194, 193, 193, 194, 194, 193, 194, 194]"
0.7,1.0,10000.0,10,5,1.1934739846849283,"[194, 194, 194, 194, 194, 194, 194, 195, 194, 194]"
0.7,1.0,10000.0,10,5,1.1934739846849283,"[195, 195, 195, 195, 194, 195, 194, 195, 194, 195]"
0.7,1.0,10000.0,10,5,1.1934739846849283,"[195, 195, 195, 196, 195, 195, 195, 195, 196, 196]"
0.7,1.0,10000.0,10,5,1.1934739846849283,"[196, 197, 196, 196, 197, 196, 197, 196, 196, 196]"
0.7,1.0,10000.0,10,5,1.1934739846849283,"[196, 197, 196, 197, 197, 197, 197, 196, 197, 197]"
0.7,1.0,10000.0,10,5,1.1934739846849283,"[197, 197, 198, 197, 198, 197, 198, 197, 197, 198]"
0.7,1.0,10000.0,10,5,1.1934739846849283,"[198, 198, 198, 199, 198, 198, 199, 198, 197, 198]"
0.7,1.0,10000.0,10,5,1.1934739846849283,"[200, 199, 200, 200, 199, 199, 199, 199, 199, 200]"
0.7,1.0,10000.0,10,5,1.1934739846849283,"[200, 200, 200, 200, 200, 201, 200, 200, 200, 200]"
0.7,1.0,10000.0,10,5,1.1934739846849283,"[201, 200, 200, 201, 200, 201, 200, 201, 200, 201]"
0.7,1.0,10000.0,10,5,1.1934739846849283,"[201, 201, 202, 201, 202, 201, 200, 201, 201, 202]"
0.7,1.0,10000.0,10,5,1.1934739846849283,"[201, 202, 202, 201, 202, 202, 201, 202, 202, 202]"
0.7,1.0,10000.0,10,5,1.1934739846849283,"[202, 202, 203, 202, 202, 203, 203, 202, 203, 202]"
0.7,1.0,10000.0,10,5,1.1934739846849283,"[204, 203, 203, 204, 203, 203, 204, 204, 204, 203]"
0.7,1.0,10000.0,10,5,1.1934739846849283,"[204, 204, 204, 204, 204, 204, 204, 205, 204, 205]"
0.7,1.0,10000.0,10,5,1.1934739846849283,"[205, 205, 205, 205, 205, 205, 205, 205, 205, 205]"
0.7,1.0,10000.0,10,5,1.1934739846849283,"[205, 206, 206, 206, 206, 206, 206, 205, 206, 206]"
0.7,1.0,10000.0,10,5,1.1934739846849283,"[207, 207, 206, 208, 207, 207, 206, 206, 207, 206]"
0.7,1.0,10000.0,10,5,1.1934739846849283,"[207, 208, 207, 208, 208, 208, 207, 207, 208, 207]"
0.7,1.0,10000.0,10,5,1.1934739846849283,"[208, 208, 208, 208, 208, 208, 208, 208, 209, 208]"
0.7,1.0,10000.0,10,5,1.1934739846849283,"[208, 208, 209, 209, 208, 208, 208, 208, 209, 209]"
0.7,1.0,10000.0,10,5,1.1934739846849283,"[208, 208, 209, 209, 209, 209, 208, 209, 209, 209]"
0.7,1.0,10000.0,10,5,1.1934739846849283,"[210, 209, 209, 210, 209, 209, 210, 210, 209, 209]"
0.7,1.0,10000.0,10,5,1.1934739846849283,"[210, 210, 209, 210, 210, 209, 210, 210, 210, 210]"
0.7,1.0,10000.0,10,5,1.1934739846849283,"[210, 210, 210, 210, 210, 211, 210, 210, 210, 210]"
0.7,1.0,10000.0,10,5,1.1934739846849283,"[211, 211, 212, 211, 211, 211, 211, 211, 211, 211]"
0.7,1.0,10000.0,10,5,1.1934739846849283,"[211, 211, 212, 211, 212, 212, 212, 212, 211, 212]"
0.7,1.0,10000.0,10,5,1.1934739846849283,"[212, 211, 213, 212, 212, 212, 212, 212, 212, 212]"
0.7,1.0,10000.0,10,5,1.1934739846849283,"[212, 211, 213, 212, 212, 212, 212, 212, 212, 213]"
0.7,1.0,10000.0,10,5,1.1934739846849283,"[213, 214, 214, 213, 213, 213, 214, 213, 213, 213]"
0.7,1.0,10000.0,10,5,1.1934739846849283,"[214, 214, 215, 214, 215, 214, 214, 214, 213, 213]"
0.7,1.0,10000.0,10,5,1.1934739846849283,"[214, 215, 215, 214, 215, 215, 214, 214, 213, 215]"
0.7,1.0,10000.0,10,5,1.1934739846849283,"[216, 215, 215, 215, 216, 216, 215, 215, 215, 215]"
0.7,1.0,10000.0,10,5,1.1934739846849283,"[216, 216, 216, 215, 216, 216, 216, 216, 215, 216]"
0.7,1.0,10000.0,10,5,1.1934739846849283,"[217, 217, 216, 217, 216, 216, 217, 217, 217, 216]"
0.7,1.0,10000.0,10,5,1.1934739846849283,"[217, 218, 216, 217, 217, 217, 217, 217, 217, 217]"
0.7,1.0,10000.0,10,5,1.1934739846849283,"[218, 218, 217, 217, 218, 217, 218, 218, 218, 218]"
0.7,1.0,10000.0,10,5,1.1934739846849283,"[218, 218, 218, 218, 218, 217, 218, 218, 218, 218]"
0.7,1.0,10000.0,10,5,1.1934739846849283,"[219, 218, 219, 219, 218, 218, 218, 218, 218, 219]"
0.7,1.0,10000.0,10,5,1.1934739846849283,"[219, 219, 219, 220, 219, 219, 219, 218, 220, 220]"
0.7,1.0,10000.0,10,5,1.1934739846849283,"[220, 219, 220, 220, 220, 220, 220, 220, 220, 220]"
0.7,1.0,10000.0,10,5,1.1934739846849283,"[220, 220, 220, 221, 221, 220, 220, 221, 221, 221]"
0.7,1.0,10000.0,10,5,1.1934739846849283,"[222, 222, 222, 222, 222, 222, 221, 222, 221, 222]"
0.7,1.0,10000.0,10,5,1.1934739846849283,"[223, 222, 223, 222, 222, 222, 223, 223, 222, 222]"
0.7,1.0,10000.0,10,5,1.1934739846849283,"[223, 223, 223, 223, 224, 223, 223, 223, 223, 223]"
0.7,1.0,10000.0,10,5,1.1934739846849283,"[224, 224, 224, 223, 224, 224, 224, 224, 224, 224]"
0.7,1.0,10000.0,10,5,1.1934739846849283,"[225, 226, 225, 226, 225, 225, 226, 226, 225, 225]"
0.7,1.0,10000.0,10,5,1.1934739846849283,"[226, 226, 226, 227, 225, 226, 226, 226, 225, 226]"
0.7,1.0,10000.0,10,5,1.1934739846849283,"[227, 228, 227, 227, 227, 227, 227, 226, 227, 227]"
0.7,1.0,10000.0,10,5,1.1934739846849283,"[227, 228, 227, 228, 228, 228, 228, 226, 228, 227]"
0.7,1.0,10000.0,10,5,1.1934739846849283,"[228, 229, 228, 228, 228, 228, 228, 228, 228, 228]"
0.7,1.0,10000.0,10,5,1.1934739846849283,"[229, 229, 229, 228, 229, 229, 229, 229, 229, 229]"
0.7,1.0,10000.0,10,5,1.1934739846849283,"[230, 229, 230, 230, 230, 230, 230, 229, 230, 230]"
0.7,1.0,10000.0,10,5,1.1934739846849283,"[231, 231, 230, 231, 231, 230, 231, 231, 231, 230]"
0.7,1.0,10000.0,10,5,1.1934739846849283,"[231, 232, 232, 231, 232, 232, 231, 231, 232, 231]"
0.7,1.0,10000.0,10,5,1.1934739846849283,"[233, 233, 233, 232, 232, 233, 232, 232, 233, 233]"
0.7,1.0,10000.0,10,5,1.1934739846849283,"[233, 233, 233, 234, 233, 234, 233, 234, 233, 234]"
0.7,1.0,10000.0,10,5,1.1934739846849283,"[234, 234, 235, 234, 235, 234, 234, 234, 234, 235]"
0.7,1.0,10000.0,10,5,1.1934739846849283,"[235, 235, 235, 235, 235, 235, 234, 235, 235, 235]"
0.7,1.0,10000.0,10,5,1.1934739846849283,"[236, 235, 235, 236, 236, 236, 236, 236, 236, 236]"
0.7,1.0,10000.0,10,5,1.1934739846849283,"[236, 236, 236, 236, 236, 237, 236, 237, 237, 236]"
0.7,1.0,10000.0,10,5,1.1934739846849283,"[237, 238, 238, 236, 236, 237, 236, 237, 237, 237]"
0.7,1.0,10000.0,10,5,1.1934739846849283,"[238, 238, 238, 237, 238, 238, 237, 238, 238, 237]"
0.7,1.0,10000.0,10,5,1.1934739846849283,"[239, 238, 239, 238, 238, 238, 238, 239, 238, 237]"
0.7,1.0,10000.0,10,5,1.1934739846849283,"[239, 239, 239, 239, 238, 239, 239, 239, 239, 239]"
0.7,1.0,10000.0,10,5,1.1934739846849283,"[240, 240, 240, 240, 240, 240, 239, 240, 239, 240]"
0.7,1.0,10000.0,10,5,1.1934739846849283,"[240, 240, 240, 240, 240, 241, 240, 241, 240, 241]"
0.7,1.0,10000.0,10,5,1.1934739846849283,"[241, 240, 241, 241, 241, 242, 241, 242, 241, 241]"
0.7,1.0,10000.0,10,5,1.1934739846849283,"[242, 241, 241, 242, 241, 242, 242, 242, 242, 242]"
0.7,1.0,10000.0,10,5,1.1934739846849283,"[243, 243, 243, 242, 242, 242, 242, 242, 242, 242]"
0.7,1.0,10000.0,10,5,1.1934739846849283,"[243, 243, 243, 242, 242, 242, 243, 244, 243, 243]"
0.7,1.0,10000.0,10,5,1.1934739846849283,"[244, 243, 243, 243, 244, 243, 243, 244, 243, 244]"
0.7,1.0,10000.0,10,5,1.1934739846849283,"[244, 244, 244, 244, 244, 243, 245, 245, 245, 245]"
0.7,1.0,10000.0,10,5,1.1934739846849283,"[244, 245, 244, 245, 245, 245, 245, 245, 245, 245]"
0.7,1.0,10000.0,10,5,1.1934739846849283,"[245, 246, 246, 247, 246, 246, 246, 246, 246, 246]"
0.7,1.0,10000.0,10,5,1.1934739846849283,"[247, 246, 247, 247, 247, 247, 246, 246, 247, 246]"
0.7,1.0,10000.0,10,5,1.1934739846849283,"[248, 248, 248, 247, 249, 247, 248, 248, 247, 248]"
0.7,1.0,10000.0,10,5,1.1934739846849283,"[249, 248, 249, 249, 249, 249, 249, 249, 249, 249]"
0.7,1.0,10000.0,10,5,1.1934739846849283,"[249, 248, 250, 250, 250, 250, 250, 249, 250, 249]"
0.7,1.0,10000.0,10,5,1.1934739846849283,"[250, 250, 250, 250, 250, 250, 250, 250, 251, 250]"
0.7,1.0,10000.0,10,5,1.1934739846849283,"[251, 251, 251, 250, 251, 251, 250, 250, 251, 251]"
0.7,1.0,10000.0,10,5,1.1934739846849283,"[252, 252, 252, 253, 252, 252, 252, 253, 253, 252]"
0.7,1.0,10000.0,10,5,1.1934739846849283,"[253, 252, 253, 253, 253, 253, 253, 253, 253, 252]"
0.7,1.0,10000.0,10,5,1.1934739846849283,"[254, 252, 253, 253, 254, 253, 253, 254, 253, 253]"
0.7,1.0,10000.0,10,5,1.1934739846849283,"[254, 254, 254, 254, 254, 254, 254, 254, 253, 254]"
0.7,1.0,10000.0,10,5,1.1934739846849283,"[255, 255, 255, 254, 255, 255, 254, 254, 255, 255]"
0.7,1.0,10000.0,10,5,1.1934739846849283,"[255, 255, 255, 254, 255, 255, 255, 256, 255, 255]"
0.7,1.0,10000.0,10,5,1.1934739846849283,"[255, 256, 255, 255, 255, 256, 255, 256, 256, 255]"
0.7,1.0,10000.0,10,5,1.1934739846849283,"[257, 256, 257, 256, 256, 256, 256, 257, 257, 256]"
0.7,1.0,10000.0,10,5,1.1934739846849283,"[258, 256, 257, 257, 257, 258, 257, 258, 258, 257]"
0.7,1.0,10000.0,10,5,1.1934739846849283,"[258, 258, 258, 258, 258, 258, 258, 258, 258, 258]"
0.7,1.0,10000.0,10,5,1.1934739846849283,"[258, 259, 258, 259, 258, 259, 258, 259, 258, 259]"
0.7,1.0,10000.0,10,5,1.1934739846849283,"[259, 259, 259, 260, 258, 259, 259, 259, 260, 259]"
0.7,1.0,10000.0,10,5,1.1934739846849283,"[260, 260, 260, 260, 260, 259, 260, 261, 260, 260]"
0.7,1.0,10000.0,10,5,1.1934739846849283,"[261, 260, 260, 260, 260, 261, 260, 261, 260, 261]"
0.7,1.0,10000.0,10,5,1.1934739846849283,"[261, 262, 261, 261, 262, 261, 261, 261, 261, 261]"
0.7,1.0,10000.0,10,5,1.1934739846849283,"[262, 262, 262, 262, 262, 262, 262, 262, 261, 262]"
0.7,1.0,10000.0,10,5,1.1934739846849283,"[262, 263, 263, 262, 262, 262, 262, 263, 263, 262]"
0.7,1.0,10000.0,10,5,1.1934739846849283,"[264, 263, 263, 263, 263, 263, 264, 264, 264, 264]"
0.7,1.0,10000.0,10,5,1.1934739846849283,"[265, 264, 264, 263, 263, 264, 264, 264, 264, 264]"
0.7,1.0,10000.0,10,5,1.1934739846849283,"[265, 264, 265, 265, 265, 265, 265, 264, 265, 265]"
0.7,1.0,10000.0,10,5,1.1934739846849283,"[266, 265, 265, 265, 266, 266, 266, 265, 266, 265]"
0.7,1.0,10000.0,10,5,1.1934739846849283,"[266, 266, 266, 266, 266, 266, 266, 266, 267, 266]"
0.7,1.0,10000.0,10,5,1.1934739846849283,"[267, 268, 267, 268, 267, 267, 267, 267, 267, 267]"
0.7,1.0,10000.0,10,5,1.1934739846849283,"[268, 268, 267, 268, 268, 268, 268, 267, 267, 267]"
0.7,1.0,10000.0,10,5,1.1934739846849283,"[268, 268, 268, 268, 268, 268, 268, 268, 268, 268]"
0.7,1.0,10000.0,10,5,1.1934739846849283,"[269, 269, 269, 269, 270, 269, 269, 269, 269, 270]"
0.7,1.0,10000.0,10,5,1.1934739846849283,"[271, 270, 270, 270, 270, 270, 270, 269, 270, 270]"
0.7,1.0,10000.0,10,5,1.1934739846849283,"[271, 271, 271, 271, 271, 271, 271, 271, 272, 271]"
0.7,1.0,10000.0,10,5,1.1934739846849283,"[272, 272, 272, 272, 271, 271, 271, 272, 273, 272]"
0.7,1.0,10000.0,10,5,1.1934739846849283,"[272, 273, 272, 272, 272, 272, 273, 273, 273, 273]"
0.7,1.0,10000.0,10,5,1.1934739846849283,"[273, 274, 274, 274, 273, 273, 274, 273, 273, 273]"
0.7,1.0,10000.0,10,5,1.1934739846849283,"[274, 274, 274, 274, 274, 274, 274, 274, 274, 274]"
0.7,1.0,10000.0,10,5,1.1934739846849283,"[275, 275, 275, 274, 275, 275, 275, 275, 275, 274]"
0.7,1.0,10000.0,10,5,1.1934739846849283,"[276, 276, 275, 275, 275, 276, 276, 275, 275, 275]"
0.7,1.0,10000.0,10,5,1.1934739846849283,"[276, 276, 276, 275, 276, 276, 276, 275, 276, 276]"
0.7,1.0,10000.0,10,5,1.1934739846849283,"[277, 277, 276, 276, 276, 276, 277, 277, 277, 276]"
0.7,1.0,10000.0,10,5,1.1934739846849283,"[277, 277, 277, 277, 277, 277, 277, 277, 277, 277]"
0.7,1.0,10000.0,10,5,1.1934739846849283,"[278, 278, 278, 279, 278, 278, 278, 279, 279, 278]"
0.7,1.0,10000.0,10,5,1.1934739846849283,"[279, 279, 280, 279, 279, 279, 279, 279, 279, 279]"
0.7,1.0,10000.0,10,5,1.1934739846849283,"[280, 279, 280, 279, 279, 279, 279, 279, 280, 279]"
0.7,1.0,10000.0,10,5,1.1934739846849283,"[280, 280, 280, 280, 279, 280, 280, 280, 280, 279]"
0.7,1.0,10000.0,10,5,1.1934739846849283,"[281, 281, 281, 281, 280, 281, 280, 280, 280, 281]"
0.7,1.0,10000.0,10,5,1.1934739846849283,"[281, 281, 281, 281, 281, 281, 281, 281, 282, 281]"
0.7,1.0,10000.0,10,5,1.1934739846849283,"[282, 282, 282, 282, 281, 281, 282, 282, 282, 281]"
0.7,1.0,10000.0,10,5,1.1934739846849283,"[282, 282, 282, 282, 282, 282, 283, 283, 282, 281]"
0.7,1.0,10000.0,10,5,1.1934739846849283,"[282, 282, 283, 283, 282, 283, 283, 283, 282, 282]"
0.7,1.0,10000.0,10,5,1.1934739846849283,"[282, 283, 283, 283, 283, 283, 283, 283, 283, 284]"
0.7,1.0,10000.0,10,5,1.1934739846849283,"[284, 284, 284, 284, 284, 283, 284, 284, 284, 284]"
0.7,1.0,10000.0,10,5,1.1934739846849283,"[285, 284, 285, 285, 285, 285, 284, 284, 284, 285]"
0.7,1.0,10000.0,10,5,1.1934739846849283,"[286, 285, 286, 286, 286, 286, 286, 286, 286, 286]"
0.7,1.0,10000.0,10,5,1.1934739846849283,"[287, 286, 286, 286, 287, 286, 287, 286, 286, 286]"
0.7,1.0,10000.0,10,5,1.1934739846849283,"[288, 287, 287, 287, 287, 287, 287, 287, 287, 287]"
0.7,1.0,10000.0,10,5,1.1934739846849283,"[288, 288, 288, 288, 288, 288, 288, 288, 288, 288]"
0.7,1.0,10000.0,10,5,1.1934739846849283,"[289, 289, 289, 289, 289, 289, 289, 289, 289, 289]"
0.7,1.0,10000.0,10,5,1.1934739846849283,"[290, 289, 290, 289, 290, 291, 290, 290, 290, 290]"
0.7,1.0,10000.0,10,5,1.1934739846849283,"[291, 291, 291, 290, 291, 291, 291, 291, 290, 290]"
0.7,1.0,10000.0,10,5,1.1934739846849283,"[291, 292, 291, 291, 291, 291, 291, 292, 292, 291]"
0.7,1.0,10000.0,10,5,1.1934739846849283,"[293, 292, 292, 292, 292, 292, 292, 292, 292, 291]"
0.7,1.0,10000.0,10,5,1.1934739846849283,"[293, 293, 293, 293, 294, 293, 294, 293, 293, 293]"
0.7,1.0,10000.0,10,5,1.1934739846849283,"[294, 293, 294, 293, 294, 294, 294, 294, 293, 294]"
0.7,1.0,10000.0,10,5,1.1934739846849283,"[294, 295, 295, 294, 294, 295, 295, 295, 295, 294]"
0.7,1.0,10000.0,10,5,1.1934739846849283,"[295, 295, 295, 295, 295, 296, 295, 296, 296, 295]"
0.7,1.0,10000.0,10,5,1.1934739846849283,"[296, 295, 296, 296, 295, 296, 296, 296, 296, 296]"
0.7,1.0,10000.0,10,5,1.1934739846849283,"[297, 297, 297, 297, 297, 296, 297, 297, 297, 297]"
0.7,1.0,10000.0,10,5,1.1934739846849283,"[298, 297, 297, 298, 298, 297, 298, 298, 298, 298]"
0.7,1.0,10000.0,10,5,1.1934739846849283,"[298, 298, 299, 298, 298, 299, 298, 298, 298, 299]"
0.7,1.0,10000.0,10,5,1.1934739846849283,"[299, 299, 299, 299, 299, 299, 299, 299, 299, 299]"
0.7,1.0,10000.0,10,5,1.1934739846849283,"[299, 299, 299, 300, 299, 299, 300, 299, 299, 299]"
0.7,1.0,10000.0,10,5,1.1934739846849283,"[300, 300, 299, 300, 300, 300, 300, 300, 299, 299]"
0.7,1.0,10000.0,10,5,1.1934739846849283,"[300, 300, 300, 300, 300, 300, 300, 300, 301, 300]"
0.7,1.0,10000.0,10,5,1.1934739846849283,"[301, 301, 301, 301, 300, 301, 301, 301, 301, 301]"
0.7,1.0,10000.0,10,5,1.1934739846849283,"[303, 302, 302, 302, 302, 302, 302, 302, 302, 302]"
0.7,1.0,10000.0,10,5,1.1934739846849283,"[303, 303, 302, 303, 303, 303, 302, 302, 303, 304]"
0.7,1.0,10000.0,10,5,1.1934739846849283,"[303, 303, 303, 304, 304, 304, 304, 304, 303, 304]"
0.7,1.0,10000.0,10,5,1.1934739846849283,"[305, 304, 304, 304, 304, 305, 304, 304, 303, 304]"
0.7,1.0,10000.0,10,5,1.1934739846849283,"[305, 304, 305, 305, 304, 305, 304, 305, 304, 304]"
0.7,1.0,10000.0,10,5,1.1934739846849283,"[306, 305, 305, 305, 305, 305, 305, 305, 305, 305]"
0.7,1.0,10000.0,10,5,1.1934739846849283,"[306, 306, 305, 306, 305, 306, 306, 306, 306, 305]"
0.7,1.0,10000.0,10,5,1.1934739846849283,"[307, 307, 305, 306, 306, 306, 306, 307, 306, 306]"
0.7,1.0,10000.0,10,5,1.1934739846849283,"[308, 307, 307, 307, 307, 308, 307, 307, 307, 307]"
0.7,1.0,10000.0,10,5,1.1934739846849283,"[308, 307, 307, 307, 307, 308, 308, 307, 307, 307]"
0.7,1.0,10000.0,10,5,1.1934739846849283,"[308, 308, 308, 308, 308, 308, 308, 308, 308, 308]"
0.7,1.0,10000.0,10,5,1.1934739846849283,"[309, 309, 309, 309, 309, 310, 309, 309, 309, 309]"
0.7,1.0,10000.0,10,5,1.1934739846849283,"[310, 309, 310, 310, 311, 310, 310, 310, 311, 310]"
0.7,1.0,10000.0,10,5,1.1934739846849283,"[311, 310, 311, 311, 311, 311, 311, 312, 311, 310]"
0.7,1.0,10000.0,10,5,1.1934739846849283,"[312, 312, 312, 311, 311, 312, 311, 312, 311, 311]"
0.7,1.0,10000.0,10,5,1.1934739846849283,"[313, 312, 313, 311, 312, 312, 312, 312, 313, 313]"
0.7,1.0,10000.0,10,5,1.1934739846849283,"[313, 313, 313, 314, 313, 312, 314, 313, 313, 313]"
0.7,1.0,10000.0,10,5,1.1934739846849283,"[313, 313, 313, 314, 314, 314, 314, 313, 314, 314]"
0.7,1.0,10000.0,10,5,1.1934739846849283,"[315, 314, 314, 315, 314, 315, 315, 314, 314, 315]"
0.7,1.0,10000.0,10,5,1.1934739846849283,"[315, 315, 315, 315, 315, 315, 315, 315, 315, 315]"
0.7,1.0,10000.0,10,5,1.1934739846849283,"[316, 315, 316, 316, 315, 316, 316, 315, 316, 316]"
0.7,1.0,10000.0,10,5,1.1934739846849283,"[317, 316, 316, 316, 317, 316, 316, 317, 317, 316]"
0.7,1.0,10000.0,10,5,1.1934739846849283,"[317, 317, 316, 317, 317, 317, 317, 317, 317, 316]"
0.7,1.0,10000.0,10,5,1.1934739846849283,"[317, 318, 317, 318, 318, 317, 318, 318, 318, 317]"
0.7,1.0,10000.0,10,5,1.1934739846849283,"[318, 318, 318, 318, 318, 319, 318, 318, 318, 318]"
0.7,1.0,10000.0,10,5,1.1934739846849283,"[319, 319, 318, 318, 319, 319, 319, 318, 319, 319]"
0.7,1.0,10000.0,10,5,1.1934739846849283,"[319, 320, 319, 320, 320, 320, 319, 320, 319, 319]"
0.7,1.0,10000.0,10,5,1.1934739846849283,"[320, 320, 321, 320, 320, 321, 320, 321, 321, 321]"
0.7,1.0,10000.0,10,5,1.1934739846849283,"[321, 321, 322, 321, 321, 321, 321, 321, 321, 321]"
0.7,1.0,10000.0,10,5,1.1934739846849283,"[322, 322, 322, 322, 322, 321, 322, 322, 322, 322]"
0.7,1.0,10000.0,10,5,1.1934739846849283,"[323, 322, 322, 322, 322, 323, 323, 323, 322, 322]"
0.7,1.0,10000.0,10,5,1.1934739846849283,"[323, 324, 323, 323, 323, 324, 324, 323, 323, 323]"
0.7,1.0,10000.0,10,5,1.1934739846849283,"[323, 324, 325, 325, 325, 324, 324, 325, 325, 325]"
0.7,1.0,10000.0,10,5,1.1934739846849283,"[325, 325, 326, 325, 325, 325, 325, 325, 326, 326]"
0.7,1.0,10000.0,10,5,1.1934739846849283,"[326, 327, 326, 326, 325, 327, 326, 326, 327, 326]"
0.7,1.0,10000.0,10,5,1.1934739846849283,"[327, 327, 328, 327, 327, 327, 327, 327, 327, 327]"
0.7,1.0,10000.0,10,5,1.1934739846849283,"[328, 328, 328, 328, 327, 328, 327, 327, 327, 328]"
0.7,1.0,10000.0,10,5,1.1934739846849283,"[329, 329, 328, 329, 327, 328, 328, 327, 328, 329]"
0.7,1.0,10000.0,10,5,1.1934739846849283,"[329, 329, 328, 329, 329, 329, 328, 330, 329, 329]"
0.7,1.0,10000.0,10,5,1.1934739846849283,"[330, 330, 330, 330, 330, 330, 328, 330, 329, 329]"
0.7,1.0,10000.0,10,5,1.1934739846849283,"[331, 330, 331, 330, 331, 330, 330, 331, 330, 330]"
0.7,1.0,10000.0,10,5,1.1934739846849283,"[331, 330, 331, 331, 332, 331, 331, 331, 331, 331]"
0.7,1.0,10000.0,10,5,1.1934739846849283,"[332, 332, 332, 332, 332, 332, 332, 332, 332, 332]"
0.7,1.0,10000.0,10,5,1.1934739846849283,"[333, 333, 333, 333, 333, 333, 334, 334, 333, 333]"
0.7,1.0,10000.0,10,5,1.1934739846849283,"[334, 334, 334, 334, 335, 333, 334, 334, 334, 335]"
0.7,1.0,10000.0,10,5,1.1934739846849283,"[335, 335, 335, 335, 335, 336, 335, 336, 335, 335]"
0.7,1.0,10000.0,10,5,1.1934739846849283,"[336, 337, 336, 337, 337, 337, 337, 336, 337, 336]"
0.7,1.0,10000.0,10,5,1.1934739846849283,"[337, 337, 337, 337, 337, 337, 337, 337, 337, 336]"
0.7,1.0,10000.0,10,5,1.1934739846849283,"[338, 338, 337, 338, 337, 338, 338, 338, 337, 338]"
0.7,1.0,10000.0,10,5,1.1934739846849283,"[338, 339, 338, 338, 338, 338, 338, 338, 339, 338]"
0.7,1.0,10000.0,10,5,1.1934739846849283,"[339, 339, 339, 338, 339, 340, 339, 339, 339, 339]"
0.7,1.0,10000.0,10,5,1.1934739846849283,"[339, 340, 339, 339, 339, 340, 340, 340, 340, 339]"
0.7,1.0,10000.0,10,5,1.1934739846849283,"[340, 340, 341, 341, 340, 340, 340, 340, 340, 341]"
0.7,1.0,10000.0,10,5,1.1934739846849283,"[340, 341, 341, 341, 340, 340, 341, 340, 341, 341]"
0.7,1.0,10000.0,10,5,1.1934739846849283,"[341, 341, 342, 341, 341, 341, 341, 342, 341, 342]"
0.7,1.0,10000.0,10,5,1.1934739846849283,"[342, 342, 342, 342, 342, 342, 341, 342, 342, 342]"
0.7,1.0,10000.0,10,5,1.1934739846849283,"[343, 343, 343, 342, 342, 342, 342, 342, 342, 342]"
0.7,1.0,10000.0,10,5,1.1934739846849283,"[343, 343, 343, 343, 343, 343, 343, 342, 343, 343]"
0.7,1.0,10000.0,10,5,1.1934739846849283,"[343, 344, 344, 344, 343, 344, 343, 344, 344, 343]"
0.7,1.0,10000.0,10,5,1.1934739846849283,"[344, 344, 344, 344, 344, 344, 344, 344, 345, 344]"
0.7,1.0,10000.0,10,5,1.1934739846849283,"[345, 345, 345, 345, 345, 345, 344, 344, 345, 345]"
0.7,1.0,10000.0,10,5,1.1934739846849283,"[345, 345, 346, 346, 346, 346, 345, 346, 346, 345]"
0.7,1.0,10000.0,10,5,1.1934739846849283,"[347, 347, 347, 347, 347, 347, 346, 347, 346, 347]"
0.7,1.0,10000.0,10,5,1.1934739846849283,"[347, 347, 348, 347, 347, 347, 346, 347, 347, 347]"
0.7,1.0,10000.0,10,5,1.1934739846849283,"[348, 348, 348, 348, 348, 348, 347, 347, 348, 347]"
0.7,1.0,10000.0,10,5,1.1934739846849283,"[349, 349, 348, 348, 348, 349, 349, 348, 348, 348]"
0.7,1.0,10000.0,10,5,1.1934739846849283,"[350, 349, 349, 349, 349, 349, 349, 349, 349, 349]"
0.7,1.0,10000.0,10,5,1.1934739846849283,"[350, 349, 350, 349, 350, 350, 350, 349, 350, 349]"
0.7,1.0,10000.0,10,5,1.1934739846849283,"[350, 351, 350, 350, 350, 350, 350, 351, 350, 351]"
0.7,1.0,10000.0,10,5,1.1934739846849283,"[350, 351, 351, 351, 351, 351, 351, 351, 351, 351]"
0.7,1.0,10000.0,10,5,1.1934739846849283,"[352, 352, 352, 352, 351, 351, 352, 352, 352, 352]"
0.7,1.0,10000.0,10,5,1.1934739846849283,"[353, 352, 353, 352, 352, 353, 353, 353, 353, 352]"
0.7,1.0,10000.0,10,5,1.1934739846849283,"[354, 353, 353, 353, 354, 353, 353, 353, 353, 353]"
0.7,1.0,10000.0,10,5,1.1934739846849283,"[354, 354, 353, 353, 354, 353, 353, 354, 354, 354]"
0.7,1.0,10000.0,10,5,1.1934739846849283,"[355, 354, 354, 355, 354, 355, 354, 355, 354, 354]"
0.7,1.0,10000.0,10,5,1.1934739846849283,"[355, 355, 355, 355, 356, 356, 355, 355, 356, 356]"
0.7,1.0,10000.0,10,5,1.1934739846849283,"[356, 355, 356, 356, 356, 356, 356, 357, 357, 356]"
0.7,1.0,10000.0,10,5,1.1934739846849283,"[357, 357, 357, 356, 357, 356, 356, 357, 357, 357]"
0.7,1.0,10000.0,10,5,1.1934739846849283,"[357, 357, 358, 358, 358, 358, 358, 357, 358, 357]"
0.7,1.0,10000.0,10,5,1.1934739846849283,"[357, 358, 358, 358, 359, 358, 358, 358, 359, 358]"
0.7,1.0,10000.0,10,5,1.1934739846849283,"[359, 359, 358, 359, 359, 359, 359, 359, 359, 359]"
0.7,1.0,10000.0,10,5,1.1934739846849283,"[360, 359, 360, 359, 359, 360, 360, 359, 360, 360]"
0.7,1.0,10000.0,10,5,1.1934739846849283,"[361, 361, 361, 361, 361, 361, 361, 362, 362, 361]"
0.7,1.0,10000.0,10,5,1.1934739846849283,"[362, 361, 362, 362, 362, 362, 362, 362, 362, 361]"
0.7,1.0,10000.0,10,5,1.1934739846849283,"[362, 362, 363, 362, 362, 362, 362, 362, 362, 361]"
0.7,1.0,10000.0,10,5,1.1934739846849283,"[362, 363, 363, 362, 363, 362, 363, 362, 363, 363]"
0.7,1.0,10000.0,10,5,1.1934739846849283,"[364, 364, 364, 363, 364, 364, 363, 364, 364, 363]"
0.7,1.0,10000.0,10,5,1.1934739846849283,"[365, 364, 364, 365, 365, 365, 365, 364, 365, 365]"
0.7,1.0,10000.0,10,5,1.1934739846849283,"[365, 366, 365, 366, 365, 365, 365, 365, 365, 366]"
0.7,1.0,10000.0,10,5,1.1934739846849283,"[366, 366, 365, 366, 366, 366, 366, 366, 366, 367]"
0.7,1.0,10000.0,10,5,1.1934739846849283,"[367, 366, 366, 366, 366, 366, 366, 367, 366, 367]"
0.7,1.0,10000.0,10,5,1.1934739846849283,"[367, 367, 367, 367, 367, 367, 367, 367, 368, 368]"
0.7,1.0,10000.0,10,5,1.1934739846849283,"[367, 368, 367, 368, 368, 367, 367, 367, 368, 368]"
0.7,1.0,10000.0,10,5,1.1934739846849283,"[368, 368, 368, 368, 368, 368, 368, 369, 368, 368]"
0.7,1.0,10000.0,10,5,1.1934739846849283,"[368, 369, 368, 368, 369, 368, 368, 369, 369, 369]"
0.7,1.0,10000.0,10,5,1.1934739846849283,"[370, 370, 370, 369, 370, 369, 369, 370, 369, 369]"
0.7,1.0,10000.0,10,5,1.1934739846849283,"[370, 370, 370, 370, 370, 369, 370, 370, 369, 370]"
0.7,1.0,10000.0,10,5,1.1934739846849283,"[370, 370, 370, 370, 370, 369, 371, 370, 371, 370]"
0.7,1.0,10000.0,10,5,1.1934739846849283,"[371, 371, 371, 371, 371, 371, 371, 371, 371, 371]"
0.7,1.0,10000.0,10,5,1.1934739846849283,"[372, 372, 372, 372, 371, 372, 372, 372, 372, 372]"
0.7,1.0,10000.0,10,5,1.1934739846849283,"[373, 373, 373, 373, 372, 373, 373, 373, 373, 373]"
0.7,1.0,10000.0,10,5,1.1934739846849283,"[373, 373, 374, 373, 373, 374, 374, 373, 373, 374]"
0.7,1.0,10000.0,10,5,1.1934739846849283,"[374, 375, 375, 374, 374, 374, 375, 375, 375, 375]"
0.7,1.0,10000.0,10,5,1.1934739846849283,"[375, 376, 376, 375, 375, 376, 375, 375, 375, 376]"
0.7,1.0,10000.0,10,5,1.1934739846849283,"[376, 376, 376, 377, 376, 376, 377, 377, 375, 376]"
0.7,1.0,10000.0,10,5,1.1934739846849283,"[378, 377, 378, 377, 377, 377, 377, 377, 377, 377]"
0.7,1.0,10000.0,10,5,1.1934739846849283,"[378, 378, 378, 378, 378, 378, 378, 378, 378, 378]"
0.7,1.0,10000.0,10,5,1.1934739846849283,"[379, 379, 379, 379, 379, 379, 379, 378, 379, 378]"
0.7,1.0,10000.0,10,5,1.1934739846849283,"[380, 379, 379, 379, 379, 379, 380, 379, 380, 379]"
0.7,1.0,10000.0,10,5,1.1934739846849283,"[380, 379, 380, 380, 379, 379, 380, 380, 380, 380]"
0.7,1.0,10000.0,10,5,1.1934739846849283,"[380, 380, 380, 380, 381, 380, 380, 380, 381, 380]"
0.7,1.0,10000.0,10,5,1.1934739846849283,"[381, 381, 380, 380, 381, 380, 381, 381, 381, 380]"
0.7,1.0,10000.0,10,5,1.1934739846849283,"[382, 381, 381, 381, 381, 382, 381, 381, 381, 382]"
0.7,1.0,10000.0,10,5,1.1934739846849283,"[382, 382, 382, 381, 382, 382, 381, 382, 382, 382]"
0.7,1.0,10000.0,10,5,1.1934739846849283,"[383, 382, 382, 382, 383, 382, 383, 382, 383, 383]"
0.7,1.0,10000.0,10,5,1.1934739846849283,"[384, 383, 383, 383, 383, 383, 383, 383, 383, 383]"
0.7,1.0,10000.0,10,5,1.1934739846849283,"[384, 385, 383, 384, 384, 384, 384, 383, 384, 383]"
0.7,1.0,10000.0,10,5,1.1934739846849283,"[384, 385, 384, 385, 385, 384, 384, 383, 385, 385]"
0.7,1.0,10000.0,10,5,1.1934739846849283,"[384, 385, 384, 385, 385, 384, 384, 383, 385, 385]"
0.7,1.0,10000.0,10,5,1.1934739846849283,"[385, 385, 386, 385, 385, 385, 385, 385, 385, 385]"
0.7,1.0,10000.0,10,5,1.1934739846849283,"[385, 385, 386, 385, 386, 386, 386, 386, 386, 386]"
0.7,1.0,10000.0,10,5,1.1934739846849283,"[386, 387, 386, 386, 386, 386, 386, 387, 386, 386]"
0.7,1.0,10000.0,10,5,1.1934739846849283,"[387, 387, 387, 387, 387, 387, 387, 387, 387, 387]"
0.7,1.0,10000.0,10,5,1.1934739846849283,"[388, 389, 388, 388, 388, 389, 388, 388, 388, 388]"
0.7,1.0,10000.0,10,5,1.1934739846849283,"[389, 389, 388, 389, 389, 389, 388, 388, 389, 389]"
0.7,1.0,10000.0,10,5,1.1934739846849283,"[389, 390, 389, 390, 389, 390, 389, 389, 389, 389]"
0.7,1.0,10000.0,10,5,1.1934739846849283,"[390, 390, 390, 391, 390, 390, 390, 390, 390, 390]"
0.7,1.0,10000.0,10,5,1.1934739846849283,"[391, 391, 390, 391, 391, 391, 391, 391, 391, 391]"
0.7,1.0,10000.0,10,5,1.1934739846849283,"[392, 391, 391, 391, 392, 391, 392, 392, 392, 392]"
0.7,1.0,10000.0,10,5,1.1934739846849283,"[393, 391, 392, 393, 393, 392, 393, 393, 392, 392]"
0.7,1.0,10000.0,10,5,1.1934739846849283,"[393, 393, 393, 393, 393, 393, 393, 394, 393, 393]"
0.7,1.0,10000.0,10,5,1.1934739846849283,"[393, 394, 394, 394, 394, 394, 394, 394, 394, 393]"
0.7,1.0,10000.0,10,5,1.1934739846849283,"[393, 395, 395, 395, 394, 394, 395, 394, 395, 394]"
0.7,1.0,10000.0,10,5,1.1934739846849283,"[396, 395, 396, 395, 396, 395, 395, 395, 396, 396]"
0.7,1.0,10000.0,10,5,1.1934739846849283,"[396, 396, 396, 396, 397, 396, 396, 396, 397, 396]"
0.7,1.0,10000.0,10,5,1.1934739846849283,"[397, 397, 396, 397, 397, 398, 397, 397, 397, 397]"
0.7,1.0,10000.0,10,5,1.1934739846849283,"[398, 398, 398, 398, 397, 398, 397, 398, 397, 398]"
0.7,1.0,10000.0,10,5,1.1934739846849283,"[398, 399, 398, 398, 399, 398, 398, 398, 398, 398]"
0.7,1.0,10000.0,10,5,1.1934739846849283,"[398, 399, 399, 399, 399, 399, 400, 399, 399, 400]"
0.7,1.0,10000.0,10,5,1.1934739846849283,"[400, 399, 400, 400, 399, 400, 400, 400, 399, 400]"
0.7,1.0,10000.0,10,5,1.1934739846849283,"[400, 400, 401, 401, 400, 400, 401, 401, 399, 400]"
0.7,1.0,10000.0,10,5,1.1934739846849283,"[401, 400, 401, 401, 401, 400, 401, 401, 401, 401]"
0.7,1.0,10000.0,10,5,1.1934739846849283,"[402, 402, 402, 402, 402, 402, 402, 402, 402, 402]"
0.7,1.0,10000.0,10,5,1.1934739846849283,"[403, 403, 403, 403, 403, 403, 403, 402, 402, 403]"
0.7,1.0,10000.0,10,5,1.1934739846849283,"[403, 404, 403, 404, 404, 403, 404, 403, 403, 403]"
0.7,1.0,10000.0,10,5,1.1934739846849283,"[404, 404, 404, 404, 404, 404, 405, 404, 405, 405]"
0.7,1.0,10000.0,10,5,1.1934739846849283,"[404, 404, 405, 405, 405, 405, 405, 405, 405, 405]"
0.7,1.0,10000.0,10,5,1.1934739846849283,"[406, 405, 405, 406, 405, 406, 406, 405, 406, 406]"
0.7,1.0,10000.0,10,5,1.1934739846849283,"[406, 407, 406, 406, 406, 406, 406, 406, 406, 406]"
0.7,1.0,10000.0,10,5,1.1934739846849283,"[406, 407, 406, 406, 406, 407, 407, 407, 407, 406]"
0.7,1.0,10000.0,10,5,1.1934739846849283,"[407, 407, 407, 408, 407, 408, 408, 407, 407, 407]"
0.7,1.0,10000.0,10,5,1.1934739846849283,"[408, 409, 408, 408, 408, 409, 408, 408, 409, 408]"
0.7,1.0,10000.0,10,5,1.1934739846849283,"[409, 409, 409, 409, 409, 409, 410, 409, 409, 409]"
0.7,1.0,10000.0,10,5,1.1934739846849283,"[409, 410, 410, 409, 410, 409, 410, 410, 409, 409]"
0.7,1.0,10000.0,10,5,1.1934739846849283,"[410, 411, 410, 411, 410, 410, 410, 410, 410, 410]"
0.7,1.0,10000.0,10,5,1.1934739846849283,"[411, 411, 410, 411, 411, 410, 410, 410, 411, 410]"
0.7,1.0,10000.0,10,5,1.1934739846849283,"[411, 411, 412, 411, 411, 411, 411, 411, 411, 410]"
0.7,1.0,10000.0,10,5,1.1934739846849283,"[411, 411, 412, 411, 411, 412, 411, 411, 411, 411]"
0.7,1.0,10000.0,10,5,1.1934739846849283,"[412, 412, 413, 412, 412, 412, 412, 412, 413, 411]"
0.7,1.0,10000.0,10,5,1.1934739846849283,"[412, 413, 413, 413, 413, 412, 413, 413, 413, 413]"
0.7,1.0,10000.0,10,5,1.1934739846849283,"[414, 413, 414, 414, 414, 414, 415, 414, 414, 413]"
0.7,1.0,10000.0,10,5,1.1934739846849283,"[415, 414, 415, 415, 415, 415, 415, 415, 414, 415]"
0.7,1.0,10000.0,10,5,1.1934739846849283,"[415, 416, 416, 415, 415, 416, 415, 415, 416, 416]"
0.7,1.0,10000.0,10,5,1.1934739846849283,"[416, 416, 416, 417, 415, 416, 416, 416, 416, 416]"
0.7,1.0,10000.0,10,5,1.1934739846849283,"[417, 417, 416, 417, 417, 416, 417, 416, 417, 417]"
0.7,1.0,10000.0,10,5,1.1934739846849283,"[417, 418, 417, 418, 417, 417, 417, 416, 417, 417]"
0.7,1.0,10000.0,10,5,1.1934739846849283,"[418, 418, 419, 418, 418, 418, 419, 418, 419, 419]"
0.7,1.0,10000.0,10,5,1.1934739846849283,"[418, 419, 419, 419, 419, 419, 419, 419, 419, 419]"
0.7,1.0,10000.0,10,5,1.1934739846849283,"[419, 419, 419, 420, 420, 420, 419, 420, 419, 420]"
0.7,1.0,10000.0,10,5,1.1934739846849283,"[421, 420, 421, 421, 421, 420, 421, 420, 421, 421]"
0.7,1.0,10000.0,10,5,1.1934739846849283,"[422, 421, 421, 421, 421, 421, 422, 421, 421, 422]"
0.7,1.0,10000.0,10,5,1.1934739846849283,"[422, 422, 422, 421, 422, 421, 422, 421, 422, 422]"
0.7,1.0,10000.0,10,5,1.1934739846849283,"[423, 422, 423, 423, 422, 423, 423, 422, 423, 423]"
0.7,1.0,10000.0,10,5,1.1934739846849283,"[424, 424, 424, 423, 424, 424, 424, 424, 424, 424]"
0.7,1.0,10000.0,10,5,1.1934739846849283,"[425, 424, 424, 424, 425, 425, 424, 425, 425, 425]"
0.7,1.0,10000.0,10,5,1.1934739846849283,"[425, 426, 425, 425, 425, 425, 425, 425, 425, 425]"
0.7,1.0,10000.0,10,5,1.1934739846849283,"[426, 426, 425, 426, 426, 425, 425, 426, 425, 425]"
0.7,1.0,10000.0,10,5,1.1934739846849283,"[426, 426, 426, 426, 426, 426, 426, 426, 426, 427]"
0.7,1.0,10000.0,10,5,1.1934739846849283,"[427, 427, 427, 427, 427, 427, 427, 427, 427, 427]"
0.7,1.0,10000.0,10,5,1.1934739846849283,"[429, 427, 428, 428, 428, 428, 428, 428, 428, 428]"
0.7,1.0,10000.0,10,5,1.1934739846849283,"[429, 428, 429, 429, 429, 429, 428, 429, 428, 429]"
0.7,1.0,10000.0,10,5,1.1934739846849283,"[429, 430, 430, 429, 429, 429, 430, 429, 429, 429]"
0.7,1.0,10000.0,10,5,1.1934739846849283,"[430, 430, 430, 429, 430, 430, 430, 429, 429, 430]"
0.7,1.0,10000.0,10,5,1.1934739846849283,"[431, 430, 430, 431, 431, 431, 430, 430, 430, 430]"
0.7,1.0,10000.0,10,5,1.1934739846849283,"[431, 431, 431, 431, 431, 432, 431, 431, 431, 431]"
0.7,1.0,10000.0,10,5,1.1934739846849283,"[433, 433, 432, 432, 433, 432, 432, 432, 432, 432]"
0.7,1.0,10000.0,10,5,1.1934739846849283,"[434, 433, 434, 433, 433, 433, 434, 433, 433, 433]"
0.7,1.0,10000.0,10,5,1.1934739846849283,"[434, 434, 434, 434, 434, 433, 434, 434, 434, 434]"
0.7,1.0,10000.0,10,5,1.1934739846849283,"[435, 435, 434, 434, 434, 434, 434, 434, 434, 435]"
0.7,1.0,10000.0,10,5,1.1934739846849283,"[435, 435, 436, 435, 435, 435, 435, 435, 435, 435]"
0.7,1.0,10000.0,10,5,1.1934739846849283,"[435, 436, 436, 436, 436, 436, 436, 436, 436, 436]"
0.7,1.0,10000.0,10,5,1.1934739846849283,"[436, 437, 436, 437, 437, 437, 437, 437, 437, 436]"
0.7,1.0,10000.0,10,5,1.1934739846849283,"[437, 438, 438, 437, 437, 437, 437, 438, 438, 438]"
0.7,1.0,10000.0,10,5,1.1934739846849283,"[439, 438, 438, 438, 439, 439, 438, 438, 438, 438]"
0.7,1.0,10000.0,10,5,1.1934739846849283,"[439, 440, 439, 439, 439, 440, 439, 439, 439, 440]"
0.7,1.0,10000.0,10,5,1.1934739846849283,"[440, 440, 440, 441, 440, 440, 441, 440, 440, 441]"
0.7,1.0,10000.0,10,5,1.1934739846849283,"[442, 442, 441, 441, 441, 442, 441, 442, 442, 441]"
0.7,1.0,10000.0,10,5,1.1934739846849283,"[442, 442, 443, 443, 442, 443, 442, 442, 443, 442]"
0.7,1.0,10000.0,10,5,1.1934739846849283,"[442, 443, 443, 443, 442, 443, 443, 443, 443, 443]"
0.7,1.0,10000.0,10,5,1.1934739846849283,"[443, 443, 444, 444, 443, 443, 444, 443, 443, 444]"
0.7,1.0,10000.0,10,5,1.1934739846849283,"[444, 444, 444, 444, 443, 444, 444, 444, 445, 444]"
0.7,1.0,10000.0,10,5,1.1934739846849283,"[444, 445, 445, 445, 445, 445, 444, 445, 445, 445]"
0.7,1.0,10000.0,10,5,1.1934739846849283,"[445, 445, 446, 446, 445, 445, 446, 446, 446, 446]"
0.7,1.0,10000.0,10,5,1.1934739846849283,"[447, 446, 446, 446, 446, 446, 446, 446, 446, 447]"
0.7,1.0,10000.0,10,5,1.1934739846849283,"[447, 447, 447, 447, 447, 447, 447, 447, 446, 447]"
0.7,1.0,10000.0,10,5,1.1934739846849283,"[447, 448, 448, 448, 447, 448, 447, 447, 447, 448]"
0.7,1.0,10000.0,10,5,1.1934739846849283,"[449, 448, 448, 448, 448, 448, 448, 448, 448, 448]"
0.7,1.0,10000.0,10,5,1.1934739846849283,"[449, 448, 449, 448, 449, 449, 449, 449, 449, 448]"
0.7,1.0,10000.0,10,5,1.1934739846849283,"[450, 449, 449, 449, 449, 450, 450, 450, 450, 449]"
0.7,1.0,10000.0,10,5,1.1934739846849283,"[450, 449, 451, 449, 450, 450, 450, 450, 450, 450]"
0.7,1.0,10000.0,10,5,1.1934739846849283,"[451, 450, 451, 451, 450, 451, 451, 451, 450, 451]"
0.7,1.0,10000.0,10,5,1.1934739846849283,"[451, 451, 451, 451, 451, 451, 452, 451, 451, 451]"
0.7,1.0,10000.0,10,5,1.1934739846849283,"[451, 452, 452, 452, 451, 451, 452, 451, 451, 451]"
0.7,1.0,10000.0,10,5,1.1934739846849283,"[451, 453, 452, 452, 452, 452, 452, 452, 452, 452]"
0.7,1.0,10000.0,10,5,1.1934739846849283,"[452, 453, 453, 453, 452, 452, 453, 453, 453, 453]"
0.7,1.0,10000.0,10,5,1.1934739846849283,"[453, 453, 453, 453, 453, 452, 453, 453, 454, 453]"
0.7,1.0,10000.0,10,5,1.1934739846849283,"[454, 454, 453, 454, 454, 453, 454, 453, 454, 453]"
0.7,1.0,10000.0,10,5,1.1934739846849283,"[455, 454, 455, 454, 454, 454, 454, 454, 455, 454]"
0.7,1.0,10000.0,10,5,1.1934739846849283,"[455, 454, 455, 455, 454, 455, 454, 455, 455, 456]"
0.7,1.0,10000.0,10,5,1.1934739846849283,"[456, 455, 455, 455, 456, 456, 455, 455, 456, 456]"
0.7,1.0,10000.0,10,5,1.1934739846849283,"[456, 455, 456, 456, 456, 456, 455, 456, 456, 456]"
0.7,1.0,10000.0,10,5,1.1934739846849283,"[456, 457, 457, 456, 457, 456, 456, 457, 457, 457]"
0.7,1.0,10000.0,10,5,1.1934739846849283,"[457, 458, 458, 458, 457, 457, 458, 457, 457, 458]"
0.7,1.0,10000.0,10,5,1.1934739846849283,"[458, 459, 458, 458, 457, 458, 458, 458, 458, 458]"
0.7,1.0,10000.0,10,5,1.1934739846849283,"[459, 459, 459, 459, 459, 459, 459, 458, 459, 459]"
0.7,1.0,10000.0,10,5,1.1934739846849283,"[459, 459, 459, 460, 460, 460, 460, 459, 459, 460]"
0.7,1.0,10000.0,10,5,1.1934739846849283,"[460, 460, 460, 461, 461, 461, 460, 460, 460, 460]"
0.7,1.0,10000.0,10,5,1.1934739846849283,"[462, 462, 462, 462, 461, 461, 462, 461, 461, 461]"
0.7,1.0,10000.0,10,5,1.1934739846849283,"[462, 463, 462, 462, 462, 461, 462, 462, 462, 463]"
0.7,1.0,10000.0,10,5,1.1934739846849283,"[463, 463, 463, 462, 464, 462, 463, 462, 462, 463]"
0.7,1.0,10000.0,10,5,1.1934739846849283,"[464, 463, 463, 463, 464, 463, 463, 463, 463, 463]"
0.7,1.0,10000.0,10,5,1.1934739846849283,"[464, 464, 463, 464, 464, 464, 465, 464, 464, 464]"
0.7,1.0,10000.0,10,5,1.1934739846849283,"[464, 465, 465, 465, 465, 465, 465, 465, 465, 465]"
0.7,1.0,10000.0,10,5,1.1934739846849283,"[466, 466, 465, 466, 466, 466, 466, 466, 466, 466]"
0.7,1.0,10000.0,10,5,1.1934739846849283,"[466, 467, 466, 466, 467, 466, 467, 467, 466, 466]"
0.7,1.0,10000.0,10,5,1.1934739846849283,"[466, 468, 467, 466, 467, 468, 467, 467, 466, 467]"
0.7,1.0,10000.0,10,5,1.1934739846849283,"[468, 468, 467, 467, 467, 468, 467, 467, 468, 467]"
0.7,1.0,10000.0,10,5,1.1934739846849283,"[468, 468, 468, 468, 468, 468, 468, 468, 468, 468]"
0.7,1.0,10000.0,10,5,1.1934739846849283,"[468, 468, 469, 469, 468, 469, 469, 469, 469, 468]"
0.7,1.0,10000.0,10,5,1.1934739846849283,"[468, 468, 470, 469, 469, 469, 469, 469, 470, 469]"
0.7,1.0,10000.0,10,5,1.1934739846849283,"[470, 469, 470, 470, 469, 469, 470, 470, 470, 470]"
0.7,1.0,10000.0,10,5,1.1934739846849283,"[470, 470, 470, 470, 470, 470, 470, 470, 470, 471]"
0.7,1.0,10000.0,10,5,1.1934739846849283,"[471, 471, 471, 471, 471, 471, 470, 471, 471, 471]"
0.7,1.0,10000.0,10,5,1.1934739846849283,"[471, 472, 472, 471, 471, 471, 472, 472, 471, 471]"
0.7,1.0,10000.0,10,5,1.1934739846849283,"[472, 472, 472, 472, 472, 472, 472, 472, 471, 472]"
0.7,1.0,10000.0,10,5,1.1934739846849283,"[473, 473, 473, 472, 473, 472, 473, 473, 472, 473]"
0.7,1.0,10000.0,10,5,1.1934739846849283,"[473, 473, 473, 473, 474, 474, 473, 473, 473, 473]"
0.7,1.0,10000.0,10,5,1.1934739846849283,"[475, 475, 475, 475, 475, 474, 474, 475, 475, 474]"
0.7,1.0,10000.0,10,5,1.1934739846849283,"[475, 476, 476, 476, 475, 476, 475, 476, 475, 475]"
0.7,1.0,10000.0,10,5,1.1934739846849283,"[476, 476, 476, 476, 477, 476, 477, 476, 476, 476]"
0.7,1.0,10000.0,10,5,1.1934739846849283,"[477, 477, 477, 477, 477, 477, 477, 476, 476, 477]"
0.7,1.0,10000.0,10,5,1.1934739846849283,"[477, 477, 478, 477, 477, 477, 478, 477, 477, 478]"
0.7,1.0,10000.0,10,5,1.1934739846849283,"[478, 478, 478, 478, 479, 478, 478, 477, 478, 478]"
0.7,1.0,10000.0,10,5,1.1934739846849283,"[479, 479, 479, 479, 479, 479, 478, 478, 479, 479]"
0.7,1.0,10000.0,10,5,1.1934739846849283,"[480, 480, 480, 480, 480, 480, 480, 479, 480, 479]"
0.7,1.0,10000.0,10,5,1.1934739846849283,"[481, 481, 481, 481, 481, 480, 481, 481, 480, 480]"
0.7,1.0,10000.0,10,5,1.1934739846849283,"[482, 482, 482, 482, 482, 481, 481, 481, 481, 482]"
0.7,1.0,10000.0,10,5,1.1934739846849283,"[482, 482, 482, 483, 483, 483, 482, 482, 482, 482]"
0.7,1.0,10000.0,10,5,1.1934739846849283,"[483, 483, 482, 483, 483, 483, 484, 483, 484, 483]"
0.7,1.0,10000.0,10,5,1.1934739846849283,"[484, 484, 484, 484, 483, 483, 484, 484, 484, 484]"
0.7,1.0,10000.0,10,5,1.1934739846849283,"[485, 485, 485, 484, 485, 484, 485, 486, 485, 485]"
0.7,1.0,10000.0,10,5,1.1934739846849283,"[486, 485, 485, 486, 486, 485, 485, 486, 485, 486]"
0.7,1.0,10000.0,10,5,1.1934739846849283,"[486, 486, 487, 486, 487, 486, 487, 487, 487, 486]"
0.7,1.0,10000.0,10,5,1.1934739846849283,"[487, 487, 487, 487, 487, 488, 487, 487, 487, 488]"
0.7,1.0,10000.0,10,5,1.1934739846849283,"[488, 488, 489, 488, 488, 488, 487, 488, 488, 488]"
0.7,1.0,10000.0,10,5,1.1934739846849283,"[489, 489, 489, 489, 489, 489, 489, 488, 489, 489]"
0.7,1.0,10000.0,10,5,1.1934739846849283,"[489, 490, 490, 490, 490, 489, 490, 490, 489, 490]"
0.7,1.0,10000.0,10,5,1.1934739846849283,"[490, 490, 491, 490, 490, 490, 490, 490, 490, 491]"
0.7,1.0,10000.0,10,5,1.1934739846849283,"[491, 490, 491, 491, 492, 490, 490, 491, 491, 491]"
0.7,1.0,10000.0,10,5,1.1934739846849283,"[491, 491, 491, 492, 492, 491, 491, 492, 492, 491]"
0.7,1.0,10000.0,10,5,1.1934739846849283,"[492, 492, 492, 492, 493, 492, 492, 492, 492, 492]"
0.7,1.0,10000.0,10,5,1.1934739846849283,"[493, 493, 493, 493, 493, 492, 492, 492, 493, 492]"
0.7,1.0,10000.0,10,5,1.1934739846849283,"[493, 493, 493, 493, 493, 493, 493, 493, 493, 494]"
0.7,1.0,10000.0,10,5,1.1934739846849283,"[494, 494, 493, 494, 494, 493, 494, 494, 494, 494]"
0.7,1.0,10000.0,10,5,1.1934739846849283,"[495, 495, 495, 495, 494, 495, 494, 494, 494, 495]"
0.7,1.0,10000.0,10,5,1.1934739846849283,"[495, 495, 495, 495, 495, 496, 495, 495, 495, 496]"
0.7,1.0,10000.0,10,5,1.1934739846849283,"[497, 497, 497, 497, 496, 496, 497, 496, 496, 496]"
0.7,1.0,10000.0,10,5,1.1934739846849283,"[498, 498, 497, 498, 498, 498, 497, 498, 498, 498]"
0.7,1.0,10000.0,10,5,1.1934739846849283,"[499, 498, 499, 499, 498, 498, 498, 498, 499, 499]"
0.7,1.0,10000.0,10,5,1.1934739846849283,"[499, 499, 499, 499, 499, 500, 499, 500, 499, 499]"
0.7,1.0,10000.0,10,5,1.1934739846849283,"[500, 500, 499, 500, 499, 500, 500, 500, 500, 499]"
0.7,1.0,10000.0,10,5,1.1934739846849283,"[501, 501, 501, 500, 501, 501, 500, 501, 501, 500]"
0.7,1.0,10000.0,10,5,1.1934739846849283,"[502, 502, 502, 501, 501, 502, 501, 501, 501, 502]"
0.7,1.0,10000.0,10,5,1.1934739846849283,"[502, 502, 502, 501, 501, 502, 502, 501, 502, 502]"
0.7,1.0,10000.0,10,5,1.1934739846849283,"[502, 503, 502, 502, 502, 502, 502, 502, 502, 502]"
0.7,1.0,10000.0,10,5,1.1934739846849283,"[503, 504, 503, 504, 504, 502, 502, 503, 502, 503]"
0.7,1.0,10000.0,10,5,1.1934739846849283,"[504, 505, 504, 504, 504, 504, 503, 504, 504, 504]"
0.7,1.0,10000.0,10,5,1.1934739846849283,"[505, 505, 505, 505, 506, 505, 505, 505, 506, 505]"
0.7,1.0,10000.0,10,5,1.1934739846849283,"[506, 506, 506, 506, 506, 507, 506, 506, 506, 507]"
0.7,1.0,10000.0,10,5,1.1934739846849283,"[507, 507, 507, 507, 507, 507, 507, 506, 507, 507]"
0.7,1.0,10000.0,10,5,1.1934739846849283,"[507, 508, 508, 507, 508, 507, 508, 508, 507, 507]"
0.7,1.0,10000.0,10,5,1.1934739846849283,"[509, 509, 509, 508, 509, 508, 508, 508, 508, 509]"
0.7,1.0,10000.0,10,5,1.1934739846849283,"[510, 509, 510, 509, 509, 510, 509, 509, 509, 510]"
0.7,1.0,10000.0,10,5,1.1934739846849283,"[510, 509, 510, 510, 509, 510, 510, 510, 509, 510]"
0.7,1.0,10000.0,10,5,1.1934739846849283,"[510, 510, 510, 510, 511, 511, 511, 511, 511, 511]"
0.7,1.0,10000.0,10,5,1.1934739846849283,"[510, 510, 511, 511, 511, 511, 511, 511, 511, 511]"
0.7,1.0,10000.0,10,5,1.1934739846849283,"[512, 512, 512, 511, 512, 511, 512, 511, 512, 511]"
0.7,1.0,10000.0,10,5,1.1934739846849283,"[513, 513, 512, 512, 512, 512, 512, 512, 513, 513]"
0.7,1.0,10000.0,10,5,1.1934739846849283,"[513, 514, 513, 513, 513, 513, 514, 512, 514, 513]"
0.7,1.0,10000.0,10,5,1.1934739846849283,"[514, 514, 514, 513, 514, 513, 514, 513, 514, 514]"
0.7,1.0,10000.0,10,5,1.1934739846849283,"[514, 514, 515, 514, 514, 514, 515, 514, 515, 514]"
0.7,1.0,10000.0,10,5,1.1934739846849283,"[515, 515, 515, 514, 515, 514, 515, 515, 515, 514]"
0.7,1.0,10000.0,10,5,1.1934739846849283,"[516, 516, 516, 516, 516, 516, 515, 516, 516, 515]"
0.7,1.0,10000.0,10,5,1.1934739846849283,"[517, 516, 516, 516, 516, 516, 517, 517, 516, 516]"
0.7,1.0,10000.0,10,5,1.1934739846849283,"[517, 517, 517, 517, 517, 518, 517, 517, 517, 517]"
0.7,1.0,10000.0,10,5,1.1934739846849283,"[518, 518, 518, 517, 517, 518, 518, 517, 518, 518]"
0.7,1.0,10000.0,10,5,1.1934739846849283,"[518, 518, 518, 518, 519, 518, 518, 518, 518, 518]"
0.7,1.0,10000.0,10,5,1.1934739846849283,"[519, 519, 518, 518, 519, 518, 519, 519, 519, 519]"
0.7,1.0,10000.0,10,5,1.1934739846849283,"[519, 519, 520, 520, 519, 519, 519, 519, 519, 520]"
0.7,1.0,10000.0,10,5,1.1934739846849283,"[520, 519, 520, 520, 520, 520, 520, 519, 519, 520]"
0.7,1.0,10000.0,10,5,1.1934739846849283,"[520, 520, 520, 520, 520, 520, 520, 519, 520, 520]"
0.7,1.0,10000.0,10,5,1.1934739846849283,"[520, 521, 521, 521, 521, 521, 520, 521, 520, 521]"
0.7,1.0,10000.0,10,5,1.1934739846849283,"[522, 522, 522, 522, 521, 522, 522, 521, 521, 521]"
0.7,1.0,10000.0,10,5,1.1934739846849283,"[523, 523, 522, 522, 521, 522, 522, 522, 522, 522]"
0.7,1.0,10000.0,10,5,1.1934739846849283,"[523, 523, 523, 523, 523, 523, 522, 523, 523, 522]"
0.7,1.0,10000.0,10,5,1.1934739846849283,"[523, 523, 524, 524, 523, 523, 524, 524, 523, 523]"
0.7,1.0,10000.0,10,5,1.1934739846849283,"[525, 524, 524, 524, 524, 525, 524, 524, 524, 524]"
0.7,1.0,10000.0,10,5,1.1934739846849283,"[525, 525, 525, 525, 525, 526, 525, 525, 525, 525]"
0.7,1.0,10000.0,10,5,1.1934739846849283,"[525, 526, 525, 525, 526, 526, 525, 525, 526, 525]"
0.7,1.0,10000.0,10,5,1.1934739846849283,"[526, 526, 526, 526, 526, 526, 526, 526, 526, 527]"
0.7,1.0,10000.0,10,5,1.1934739846849283,"[527, 528, 526, 527, 528, 527, 528, 527, 527, 527]"
0.7,1.0,10000.0,10,5,1.1934739846849283,"[528, 529, 528, 528, 528, 529, 528, 528, 528, 527]"
0.7,1.0,10000.0,10,5,1.1934739846849283,"[529, 529, 529, 528, 529, 529, 529, 529, 529, 529]"
0.7,1.0,10000.0,10,5,1.1934739846849283,"[529, 530, 529, 528, 529, 529, 529, 529, 530, 529]"
0.7,1.0,10000.0,10,5,1.1934739846849283,"[529, 530, 531, 529, 529, 530, 530, 530, 530, 530]"
0.7,1.0,10000.0,10,5,1.1934739846849283,"[529, 530, 531, 530, 530, 531, 531, 530, 530, 530]"
0.7,1.0,10000.0,10,5,1.1934739846849283,"[530, 530, 531, 531, 530, 531, 531, 531, 530, 530]"
0.7,1.0,10000.0,10,5,1.1934739846849283,"[531, 531, 532, 531, 531, 532, 531, 531, 532, 532]"
0.7,1.0,10000.0,10,5,1.1934739846849283,"[532, 532, 532, 532, 532, 532, 532, 532, 532, 532]"
0.7,1.0,10000.0,10,5,1.1934739846849283,"[533, 533, 533, 533, 533, 534, 533, 532, 533, 533]"
0.7,1.0,10000.0,10,5,1.1934739846849283,"[534, 534, 533, 534, 534, 534, 533, 533, 534, 534]"
0.7,1.0,10000.0,10,5,1.1934739846849283,"[535, 535, 535, 534, 534, 535, 534, 534, 534, 534]"
0.7,1.0,10000.0,10,5,1.1934739846849283,"[535, 535, 535, 535, 535, 535, 534, 535, 535, 534]"
0.7,1.0,10000.0,10,5,1.1934739846849283,"[537, 536, 537, 536, 536, 536, 537, 537, 536, 537]"
0.7,1.0,10000.0,10,5,1.1934739846849283,"[537, 537, 537, 538, 536, 537, 537, 537, 537, 537]"
0.7,1.0,10000.0,10,5,1.1934739846849283,"[538, 538, 539, 538, 538, 537, 538, 538, 538, 538]"
0.7,1.0,10000.0,10,5,1.1934739846849283,"[539, 538, 539, 539, 538, 538, 538, 538, 538, 539]"
0.7,1.0,10000.0,10,5,1.1934739846849283,"[539, 539, 539, 539, 539, 539, 539, 539, 539, 539]"
0.7,1.0,10000.0,10,5,1.1934739846849283,"[539, 540, 540, 540, 539, 540, 539, 539, 540, 540]"
0.7,1.0,10000.0,10,5,1.1934739846849283,"[541, 541, 540, 541, 540, 540, 540, 540, 540, 540]"
0.7,1.0,10000.0,10,5,1.1934739846849283,"[541, 541, 540, 541, 541, 540, 541, 541, 541, 541]"
0.7,1.0,10000.0,10,5,1.1934739846849283,"[541, 541, 541, 541, 541, 541, 541, 541, 541, 541]"
0.7,1.0,10000.0,10,5,1.1934739846849283,"[542, 541, 542, 542, 542, 542, 541, 542, 542, 542]"
0.7,1.0,10000.0,10,5,1.1934739846849283,"[542, 542, 542, 542, 542, 542, 543, 542, 543, 542]"
0.7,1.0,10000.0,10,5,1.1934739846849283,"[543, 542, 543, 543, 542, 543, 543, 543, 543, 543]"
0.7,1.0,10000.0,10,5,1.1934739846849283,"[543, 543, 543, 543, 544, 544, 544, 544, 544, 544]"
0.7,1.0,10000.0,10,5,1.1934739846849283,"[544, 544, 545, 545, 544, 544, 544, 545, 545, 544]"
0.7,1.0,10000.0,10,5,1.1934739846849283,"[545, 544, 545, 545, 545, 545, 545, 545, 545, 545]"
0.7,1.0,10000.0,10,5,1.1934739846849283,"[545, 545, 546, 546, 545, 545, 546, 546, 545, 545]"
0.7,1.0,10000.0,10,5,1.1934739846849283,"[547, 547, 547, 546, 546, 546, 547, 547, 547, 546]"
0.7,1.0,10000.0,10,5,1.1934739846849283,"[547, 547, 547, 547, 547, 547, 547, 547, 547, 548]"
0.7,1.0,10000.0,10,5,1.1934739846849283,"[548, 548, 547, 548, 548, 547, 548, 548, 547, 548]"
0.7,1.0,10000.0,10,5,1.1934739846849283,"[549, 549, 549, 548, 549, 549, 549, 549, 549, 548]"
0.7,1.0,10000.0,10,5,1.1934739846849283,"[549, 549, 549, 549, 549, 549, 549, 549, 549, 550]"
0.7,1.0,10000.0,10,5,1.1934739846849283,"[551, 550, 550, 551, 550, 551, 551, 550, 551, 550]"
0.7,1.0,10000.0,10,5,1.1934739846849283,"[552, 552, 551, 552, 551, 552, 552, 551, 552, 551]"
0.7,1.0,10000.0,10,5,1.1934739846849283,"[552, 552, 553, 552, 553, 552, 553, 552, 553, 553]"
0.7,1.0,10000.0,10,5,1.1934739846849283,"[553, 553, 554, 553, 553, 553, 553, 553, 553, 554]"
0.7,1.0,10000.0,10,5,1.1934739846849283,"[554, 554, 554, 554, 553, 554, 553, 554, 553, 554]"
0.7,1.0,10000.0,10,5,1.1934739846849283,"[555, 554, 555, 554, 554, 555, 555, 554, 554, 555]"
0.7,1.0,10000.0,10,5,1.1934739846849283,"[555, 555, 555, 555, 556, 555, 555, 555, 555, 555]"
0.7,1.0,10000.0,10,5,1.1934739846849283,"[556, 556, 556, 556, 556, 556, 557, 556, 555, 556]"
0.7,1.0,10000.0,10,5,1.1934739846849283,"[557, 557, 556, 557, 556, 556, 557, 557, 557, 556]"
0.7,1.0,10000.0,10,5,1.1934739846849283,"[557, 557, 558, 557, 557, 557, 557, 557, 558, 558]"
0.7,1.0,10000.0,10,5,1.1934739846849283,"[558, 559, 559, 558, 558, 558, 558, 558, 558, 559]"
0.7,1.0,10000.0,10,5,1.1934739846849283,"[560, 559, 559, 559, 559, 559, 560, 559, 560, 559]"
0.7,1.0,10000.0,10,5,1.1934739846849283,"[560, 559, 559, 560, 559, 560, 560, 559, 560, 560]"
0.7,1.0,10000.0,10,5,1.1934739846849283,"[561, 561, 560, 560, 560, 561, 560, 561, 560, 560]"
0.7,1.0,10000.0,10,5,1.1934739846849283,"[562, 561, 561, 562, 561, 561, 560, 562, 561, 562]"
0.7,1.0,10000.0,10,5,1.1934739846849283,"[562, 562, 562, 562, 562, 562, 562, 562, 563, 563]"
0.7,1.0,10000.0,10,5,1.1934739846849283,"[563, 563, 564, 564, 563, 563, 563, 563, 563, 564]"
0.7,1.0,10000.0,10,5,1.1934739846849283,"[565, 565, 564, 564, 564, 565, 564, 564, 564, 564]"
0.7,1.0,10000.0,10,5,1.1934739846849283,"[565, 565, 566, 565, 564, 565, 565, 565, 565, 565]"
0.7,1.0,10000.0,10,5,1.1934739846849283,"[567, 566, 566, 567, 566, 566, 565, 566, 566, 566]"
0.7,1.0,10000.0,10,5,1.1934739846849283,"[567, 568, 567, 567, 567, 566, 566, 567, 567, 567]"
0.7,1.0,10000.0,10,5,1.1934739846849283,"[568, 568, 569, 568, 568, 568, 568, 568, 568, 568]"
0.7,1.0,10000.0,10,5,1.1934739846849283,"[570, 568, 569, 569, 568, 569, 569, 569, 569, 569]"
0.7,1.0,10000.0,10,5,1.1934739846849283,"[570, 570, 570, 570, 569, 570, 570, 570, 570, 571]"
0.7,1.0,10000.0,10,5,1.1934739846849283,"[571, 571, 571, 570, 570, 570, 570, 571, 570, 571]"
0.7,1.0,10000.0,10,5,1.1934739846849283,"[571, 572, 571, 571, 571, 571, 571, 571, 571, 572]"
0.7,1.0,10000.0,10,5,1.1934739846849283,"[571, 572, 571, 572, 571, 572, 571, 572, 571, 572]"
0.7,1.0,10000.0,10,5,1.1934739846849283,"[572, 573, 571, 572, 572, 572, 573, 572, 573, 572]"
0.7,1.0,10000.0,10,5,1.1934739846849283,"[573, 573, 574, 573, 573, 574, 573, 573, 573, 572]"
0.7,1.0,10000.0,10,5,1.1934739846849283,"[574, 575, 574, 574, 573, 574, 575, 574, 574, 575]"
0.7,1.0,10000.0,10,5,1.1934739846849283,"[574, 575, 575, 575, 575, 575, 575, 575, 575, 575]"
0.7,1.0,10000.0,10,5,1.1934739846849283,"[576, 575, 576, 575, 575, 576, 576, 575, 576, 576]"
0.7,1.0,10000.0,10,5,1.1934739846849283,"[577, 577, 577, 576, 576, 577, 577, 577, 576, 576]"
0.7,1.0,10000.0,10,5,1.1934739846849283,"[578, 577, 577, 577, 577, 577, 577, 577, 577, 578]"
0.7,1.0,10000.0,10,5,1.1934739846849283,"[578, 579, 578, 578, 578, 578, 578, 578, 579, 578]"
0.7,1.0,10000.0,10,5,1.1934739846849283,"[579, 579, 578, 579, 579, 579, 579, 579, 579, 578]"
0.7,1.0,10000.0,10,5,1.1934739846849283,"[579, 579, 580, 579, 580, 580, 579, 579, 579, 579]"
0.7,1.0,10000.0,10,5,1.1934739846849283,"[580, 581, 580, 580, 580, 580, 579, 580, 581, 580]"
0.7,1.0,10000.0,10,5,1.1934739846849283,"[581, 581, 581, 582, 580, 581, 581, 581, 581, 582]"
0.7,1.0,10000.0,10,5,1.1934739846849283,"[582, 582, 582, 582, 581, 581, 581, 581, 581, 582]"
0.7,1.0,10000.0,10,5,1.1934739846849283,"[582, 582, 582, 583, 582, 582, 581, 582, 582, 582]"
0.7,1.0,10000.0,10,5,1.1934739846849283,"[582, 583, 583, 583, 583, 583, 583, 582, 582, 583]"
0.7,1.0,10000.0,10,5,1.1934739846849283,"[583, 583, 583, 584, 584, 584, 584, 583, 583, 584]"
0.7,1.0,10000.0,10,5,1.1934739846849283,"[584, 585, 585, 584, 585, 584, 585, 585, 585, 585]"
0.7,1.0,10000.0,10,5,1.1934739846849283,"[585, 586, 586, 586, 586, 585, 586, 585, 585, 585]"
0.7,1.0,10000.0,10,5,1.1934739846849283,"[586, 586, 586, 587, 586, 586, 586, 586, 586, 586]"
0.7,1.0,10000.0,10,5,1.1934739846849283,"[587, 586, 587, 587, 587, 587, 587, 586, 587, 586]"
0.7,1.0,10000.0,10,5,1.1934739846849283,"[587, 588, 588, 588, 587, 587, 587, 588, 587, 587]"
0.7,1.0,10000.0,10,5,1.1934739846849283,"[588, 589, 589, 589, 588, 588, 589, 589, 589, 589]"
0.7,1.0,10000.0,10,5,1.1934739846849283,"[589, 590, 590, 589, 590, 589, 589, 590, 589, 589]"
0.7,1.0,10000.0,10,5,1.1934739846849283,"[589, 590, 590, 590, 590, 590, 590, 590, 590, 589]"
0.7,1.0,10000.0,10,5,1.1934739846849283,"[590, 591, 591, 590, 590, 590, 591, 590, 590, 590]"
0.7,1.0,10000.0,10,5,1.1934739846849283,"[591, 591, 591, 591, 591, 591, 591, 591, 591, 591]"
0.7,1.0,10000.0,10,5,1.1934739846849283,"[592, 592, 591, 592, 591, 592, 592, 592, 592, 592]"
0.7,1.0,10000.0,10,5,1.1934739846849283,"[593, 592, 592, 592, 592, 593, 593, 592, 592, 592]"
0.7,1.0,10000.0,10,5,1.1934739846849283,"[593, 592, 592, 593, 592, 593, 593, 593, 593, 593]"
0.7,1.0,10000.0,10,5,1.1934739846849283,"[594, 594, 595, 594, 594, 594, 594, 595, 594, 594]"
0.7,1.0,10000.0,10,5,1.1934739846849283,"[595, 595, 595, 595, 596, 596, 594, 596, 595, 595]"
0.7,1.0,10000.0,10,5,1.1934739846849283,"[596, 596, 596, 596, 596, 596, 596, 596, 597, 595]"
0.7,1.0,10000.0,10,5,1.1934739846849283,"[597, 596, 597, 597, 597, 597, 597, 597, 597, 597]"
0.7,1.0,10000.0,10,5,1.1934739846849283,"[597, 598, 598, 597, 597, 598, 598, 597, 598, 598]"
0.7,1.0,10000.0,10,5,1.1934739846849283,"[598, 599, 598, 598, 598, 598, 598, 597, 599, 599]"
0.7,1.0,10000.0,10,5,1.1934739846849283,"[599, 599, 598, 599, 599, 598, 599, 599, 599, 599]"
0.7,1.0,10000.0,10,5,1.1934739846849283,"[599, 599, 599, 599, 599, 599, 599, 599, 599, 599]"
0.7,1.0,10000.0,10,5,1.1934739846849283,"[599, 599, 600, 600, 600, 600, 599, 600, 600, 600]"
0.7,1.0,10000.0,10,5,1.1934739846849283,"[601, 602, 601, 600, 601, 601, 600, 600, 601, 601]"
0.7,1.0,10000.0,10,5,1.1934739846849283,"[602, 602, 602, 600, 601, 602, 602, 601, 601, 602]"
0.7,1.0,10000.0,10,5,1.1934739846849283,"[602, 603, 603, 602, 603, 603, 602, 602, 602, 602]"
0.7,1.0,10000.0,10,5,1.1934739846849283,"[603, 603, 603, 603, 603, 603, 603, 603, 602, 602]"
0.7,1.0,10000.0,10,5,1.1934739846849283,"[604, 604, 603, 603, 604, 603, 604, 603, 604, 603]"
0.7,1.0,10000.0,10,5,1.1934739846849283,"[604, 604, 604, 604, 604, 604, 604, 603, 604, 605]"
0.7,1.0,10000.0,10,5,1.1934739846849283,"[605, 606, 605, 605, 605, 605, 605, 605, 605, 605]"
0.7,1.0,10000.0,10,5,1.1934739846849283,"[606, 606, 606, 606, 607, 607, 606, 606, 606, 606]"
0.7,1.0,10000.0,10,5,1.1934739846849283,"[607, 607, 607, 608, 607, 607, 607, 608, 607, 607]"
0.7,1.0,10000.0,10,5,1.1934739846849283,"[608, 608, 607, 609, 608, 607, 608, 608, 608, 608]"
0.7,1.0,10000.0,10,5,1.1934739846849283,"[610, 609, 609, 609, 609, 609, 608, 608, 609, 608]"
0.7,1.0,10000.0,10,5,1.1934739846849283,"[610, 609, 609, 609, 610, 609, 610, 609, 609, 609]"
0.7,1.0,10000.0,10,5,1.1934739846849283,"[610, 611, 610, 610, 610, 610, 610, 610, 610, 610]"
0.7,1.0,10000.0,10,5,1.1934739846849283,"[611, 611, 611, 610, 610, 610, 611, 610, 611, 611]"
0.7,1.0,10000.0,10,5,1.1934739846849283,"[611, 611, 611, 611, 611, 611, 612, 612, 611, 612]"
0.7,1.0,10000.0,10,5,1.1934739846849283,"[611, 612, 612, 612, 611, 611, 612, 612, 611, 612]"
0.7,1.0,10000.0,10,5,1.1934739846849283,"[612, 612, 613, 612, 612, 613, 612, 612, 612, 612]"
0.7,1.0,10000.0,10,5,1.1934739846849283,"[613, 613, 614, 613, 613, 613, 613, 612, 613, 612]"
0.7,1.0,10000.0,10,5,1.1934739846849283,"[613, 613, 614, 613, 614, 613, 613, 614, 614, 614]"
0.7,1.0,10000.0,10,5,1.1934739846849283,"[614, 614, 614, 614, 614, 614, 614, 614, 614, 614]"
0.7,1.0,10000.0,10,5,1.1934739846849283,"[615, 615, 614, 615, 614, 615, 615, 614, 615, 616]"
0.7,1.0,10000.0,10,5,1.1934739846849283,"[616, 616, 616, 616, 615, 615, 616, 615, 616, 616]"
0.7,1.0,10000.0,10,5,1.1934739846849283,"[617, 617, 616, 616, 617, 617, 617, 616, 616, 616]"
0.7,1.0,10000.0,10,5,1.1934739846849283,"[617, 618, 617, 617, 617, 618, 617, 618, 618, 618]"
0.7,1.0,10000.0,10,5,1.1934739846849283,"[618, 618, 619, 618, 619, 619, 619, 618, 618, 618]"
0.7,1.0,10000.0,10,5,1.1934739846849283,"[620, 620, 619, 619, 619, 619, 619, 619, 619, 619]"
0.7,1.0,10000.0,10,5,1.1934739846849283,"[620, 621, 620, 620, 620, 621, 621, 620, 621, 621]"
0.7,1.0,10000.0,10,5,1.1934739846849283,"[621, 622, 621, 621, 622, 621, 621, 621, 621, 622]"
0.7,1.0,10000.0,10,5,1.1934739846849283,"[622, 622, 622, 622, 622, 623, 622, 621, 622, 622]"
0.7,1.0,10000.0,10,5,1.1934739846849283,"[623, 623, 623, 623, 623, 623, 622, 623, 623, 623]"
0.7,1.0,10000.0,10,5,1.1934739846849283,"[624, 624, 624, 624, 624, 623, 624, 624, 624, 624]"
0.7,1.0,10000.0,10,5,1.1934739846849283,"[624, 624, 625, 625, 625, 624, 625, 625, 625, 625]"
0.7,1.0,10000.0,10,5,1.1934739846849283,"[625, 626, 626, 626, 625, 626, 626, 625, 626, 625]"
0.7,1.0,10000.0,10,5,1.1934739846849283,"[625, 626, 626, 626, 626, 626, 626, 625, 627, 626]"
0.7,1.0,10000.0,10,5,1.1934739846849283,"[627, 627, 626, 627, 626, 627, 626, 627, 627, 626]"
0.7,1.0,10000.0,10,5,1.1934739846849283,"[627, 627, 626, 627, 627, 628, 627, 628, 627, 627]"
0.7,1.0,10000.0,10,5,1.1934739846849283,"[628, 628, 628, 627, 627, 628, 628, 628, 627, 628]"
0.7,1.0,10000.0,10,5,1.1934739846849283,"[628, 628, 629, 628, 628, 629, 629, 629, 628, 628]"
0.7,1.0,10000.0,10,5,1.1934739846849283,"[629, 629, 629, 629, 629, 629, 629, 629, 629, 629]"
0.7,1.0,10000.0,10,5,1.1934739846849283,"[630, 630, 630, 630, 630, 631, 630, 629, 630, 630]"
0.7,1.0,10000.0,10,5,1.1934739846849283,"[630, 631, 630, 630, 631, 631, 631, 631, 630, 631]"
0.7,1.0,10000.0,10,5,1.1934739846849283,"[632, 631, 631, 631, 631, 632, 632, 631, 631, 631]"
0.7,1.0,10000.0,10,5,1.1934739846849283,"[632, 632, 632, 632, 632, 632, 632, 631, 632, 631]"
0.7,1.0,10000.0,10,5,1.1934739846849283,"[633, 633, 632, 632, 632, 632, 632, 632, 633, 632]"
0.7,1.0,10000.0,10,5,1.1934739846849283,"[634, 634, 634, 633, 633, 633, 633, 633, 633, 633]"
0.7,1.0,10000.0,10,5,1.1934739846849283,"[634, 634, 634, 634, 635, 634, 634, 634, 633, 634]"
0.7,1.0,10000.0,10,5,1.1934739846849283,"[635, 634, 635, 634, 635, 635, 634, 635, 634, 634]"
0.7,1.0,10000.0,10,5,1.1934739846849283,"[635, 636, 635, 635, 635, 635, 635, 635, 635, 635]"
0.7,1.0,10000.0,10,5,1.1934739846849283,"[636, 636, 636, 636, 636, 637, 636, 636, 637, 636]"
0.7,1.0,10000.0,10,5,1.1934739846849283,"[637, 637, 636, 637, 637, 637, 637, 636, 637, 636]"
0.7,1.0,10000.0,10,5,1.1934739846849283,"[638, 638, 638, 638, 637, 637, 637, 637, 637, 638]"
0.7,1.0,10000.0,10,5,1.1934739846849283,"[638, 638, 638, 638, 638, 638, 638, 638, 638, 638]"
0.7,1.0,10000.0,10,5,1.1934739846849283,"[638, 639, 639, 639, 639, 638, 639, 639, 639, 639]"
0.7,1.0,10000.0,10,5,1.1934739846849283,"[639, 640, 640, 640, 640, 639, 640, 640, 640, 640]"
0.7,1.0,10000.0,10,5,1.1934739846849283,"[641, 640, 641, 641, 640, 641, 641, 640, 641, 641]"
0.7,1.0,10000.0,10,5,1.1934739846849283,"[642, 642, 641, 642, 641, 641, 641, 642, 641, 642]"
0.7,1.0,10000.0,10,5,1.1934739846849283,"[642, 642, 642, 643, 643, 641, 642, 642, 642, 642]"
0.7,1.0,10000.0,10,5,1.1934739846849283,"[642, 643, 643, 643, 643, 643, 643, 643, 643, 643]"
0.7,1.0,10000.0,10,5,1.1934739846849283,"[644, 644, 644, 644, 644, 645, 643, 644, 644, 644]"
0.7,1.0,10000.0,10,5,1.1934739846849283,"[645, 645, 645, 645, 645, 645, 645, 645, 645, 644]"
0.7,1.0,10000.0,10,5,1.1934739846849283,"[646, 645, 645, 645, 646, 646, 646, 645, 645, 645]"
0.7,1.0,10000.0,10,5,1.1934739846849283,"[646, 646, 646, 647, 646, 646, 646, 646, 646, 646]"
0.7,1.0,10000.0,10,5,1.1934739846849283,"[647, 646, 647, 648, 647, 646, 646, 647, 647, 647]"
0.7,1.0,10000.0,10,5,1.1934739846849283,"[647, 648, 648, 648, 648, 648, 647, 647, 647, 647]"
0.7,1.0,10000.0,10,5,1.1934739846849283,"[648, 648, 648, 648, 648, 648, 648, 648, 647, 648]"
0.7,1.0,10000.0,10,5,1.1934739846849283,"[649, 649, 648, 648, 649, 649, 648, 648, 648, 649]"
0.7,1.0,10000.0,10,5,1.1934739846849283,"[649, 649, 648, 648, 649, 649, 649, 649, 648, 649]"
0.7,1.0,10000.0,10,5,1.1934739846849283,"[649, 650, 649, 649, 649, 649, 649, 649, 649, 649]"
0.7,1.0,10000.0,10,5,1.1934739846849283,"[650, 650, 650, 650, 650, 649, 650, 650, 650, 650]"
0.7,1.0,10000.0,10,5,1.1934739846849283,"[650, 650, 650, 651, 651, 651, 651, 650, 650, 651]"
0.7,1.0,10000.0,10,5,1.1934739846849283,"[651, 651, 651, 651, 651, 652, 651, 651, 651, 652]"
0.7,1.0,10000.0,10,5,1.1934739846849283,"[653, 653, 653, 652, 652, 653, 653, 653, 652, 653]"
0.7,1.0,10000.0,10,5,1.1934739846849283,"[654, 653, 653, 654, 653, 653, 653, 653, 654, 654]"
0.7,1.0,10000.0,10,5,1.1934739846849283,"[655, 654, 654, 654, 654, 654, 654, 654, 654, 654]"
0.7,1.0,10000.0,10,5,1.1934739846849283,"[655, 655, 655, 655, 655, 655, 655, 655, 655, 655]"
0.7,1.0,10000.0,10,5,1.1934739846849283,"[656, 657, 657, 656, 656, 656, 656, 656, 655, 656]"
0.7,1.0,10000.0,10,5,1.1934739846849283,"[657, 657, 657, 656, 657, 658, 657, 657, 657, 657]"
0.7,1.0,10000.0,10,5,1.1934739846849283,"[658, 658, 657, 657, 657, 658, 658, 658, 657, 658]"
0.7,1.0,10000.0,10,5,1.1934739846849283,"[658, 659, 658, 658, 658, 659, 658, 658, 658, 658]"
0.7,1.0,10000.0,10,5,1.1934739846849283,"[660, 659, 659, 660, 659, 659, 659, 659, 660, 659]"
0.7,1.0,10000.0,10,5,1.1934739846849283,"[661, 660, 660, 660, 660, 660, 660, 660, 661, 660]"
0.7,1.0,10000.0,10,5,1.1934739846849283,"[661, 661, 661, 661, 661, 661, 662, 661, 661, 661]"
0.7,1.0,10000.0,10,5,1.1934739846849283,"[662, 662, 662, 661, 661, 661, 662, 662, 661, 662]"
0.7,1.0,10000.0,10,5,1.1934739846849283,"[663, 662, 662, 662, 662, 662, 662, 662, 662, 662]"
0.7,1.0,10000.0,10,5,1.1934739846849283,"[663, 663, 663, 663, 663, 663, 662, 663, 663, 663]"
0.7,1.0,10000.0,10,5,1.1934739846849283,"[663, 663, 664, 664, 663, 663, 663, 663, 664, 664]"
0.7,1.0,10000.0,10,5,1.1934739846849283,"[664, 664, 664, 664, 664, 664, 664, 664, 664, 664]"
0.7,1.0,10000.0,10,5,1.1934739846849283,"[665, 664, 664, 665, 664, 664, 664, 665, 664, 665]"
0.7,1.0,10000.0,10,5,1.1934739846849283,"[665, 665, 665, 665, 665, 665, 664, 665, 665, 665]"
0.7,1.0,10000.0,10,5,1.1934739846849283,"[666, 666, 666, 667, 666, 666, 665, 666, 666, 666]"
0.7,1.0,10000.0,10,5,1.1934739846849283,"[666, 666, 667, 667, 667, 667, 668, 667, 667, 667]"
0.7,1.0,10000.0,10,5,1.1934739846849283,"[667, 667, 667, 668, 667, 667, 668, 668, 667, 667]"
0.7,1.0,10000.0,10,5,1.1934739846849283,"[668, 667, 668, 668, 667, 668, 668, 668, 668, 668]"
0.7,1.0,10000.0,10,5,1.1934739846849283,"[668, 668, 669, 668, 668, 669, 668, 669, 668, 668]"
0.7,1.0,10000.0,10,5,1.1934739846849283,"[668, 669, 669, 669, 668, 669, 669, 669, 669, 668]"
0.7,1.0,10000.0,10,5,1.1934739846849283,"[670, 670, 670, 669, 670, 670, 670, 670, 670, 670]"
0.7,1.0,10000.0,10,5,1.1934739846849283,"[670, 671, 670, 671, 670, 670, 670, 671, 670, 671]"
0.7,1.0,10000.0,10,5,1.1934739846849283,"[672, 672, 671, 672, 671, 671, 671, 672, 671, 671]"
0.7,1.0,10000.0,10,5,1.1934739846849283,"[672, 672, 672, 672, 671, 672, 672, 672, 671, 672]"
0.7,1.0,10000.0,10,5,1.1934739846849283,"[673, 673, 672, 672, 672, 673, 673, 672, 673, 673]"
0.7,1.0,10000.0,10,5,1.1934739846849283,"[673, 673, 673, 673, 673, 673, 673, 673, 674, 673]"
0.7,1.0,10000.0,10,5,1.1934739846849283,"[674, 673, 673, 674, 674, 673, 674, 674, 674, 673]"
0.7,1.0,10000.0,10,5,1.1934739846849283,"[674, 674, 674, 674, 674, 674, 674, 675, 674, 673]"
0.7,1.0,10000.0,10,5,1.1934739846849283,"[675, 674, 675, 674, 675, 675, 674, 675, 674, 674]"
0.7,1.0,10000.0,10,5,1.1934739846849283,"[675, 676, 676, 676, 676, 676, 676, 676, 676, 676]"
0.7,1.0,10000.0,10,5,1.1934739846849283,"[677, 677, 677, 677, 676, 677, 677, 677, 677, 676]"
0.7,1.0,10000.0,10,5,1.1934739846849283,"[678, 678, 677, 678, 677, 678, 678, 678, 678, 677]"
0.7,1.0,10000.0,10,5,1.1934739846849283,"[679, 679, 679, 679, 679, 679, 679, 680, 679, 680]"
0.7,1.0,10000.0,10,5,1.1934739846849283,"[680, 679, 679, 679, 679, 680, 680, 680, 679, 680]"
0.7,1.0,10000.0,10,5,1.1934739846849283,"[680, 681, 680, 679, 680, 680, 680, 680, 680, 680]"
0.7,1.0,10000.0,10,5,1.1934739846849283,"[681, 681, 680, 680, 681, 681, 681, 681, 681, 680]"
0.7,1.0,10000.0,10,5,1.1934739846849283,"[681, 682, 682, 681, 682, 682, 682, 682, 682, 681]"
0.7,1.0,10000.0,10,5,1.1934739846849283,"[682, 683, 683, 683, 682, 682, 682, 682, 683, 682]"
0.7,1.0,10000.0,10,5,1.1934739846849283,"[683, 683, 684, 683, 683, 683, 683, 683, 683, 683]"
0.7,1.0,10000.0,10,5,1.1934739846849283,"[684, 684, 684, 683, 684, 684, 683, 683, 684, 683]"
0.7,1.0,10000.0,10,5,1.1934739846849283,"[684, 684, 684, 684, 684, 684, 685, 684, 684, 684]"
0.7,1.0,10000.0,10,5,1.1934739846849283,"[685, 685, 685, 685, 685, 684, 685, 684, 685, 684]"
0.7,1.0,10000.0,10,5,1.1934739846849283,"[686, 686, 685, 685, 685, 685, 685, 685, 685, 685]"
0.7,1.0,10000.0,10,5,1.1934739846849283,"[686, 686, 686, 685, 685, 685, 686, 685, 686, 686]"
0.7,1.0,10000.0,10,5,1.1934739846849283,"[686, 687, 686, 687, 687, 687, 687, 687, 687, 687]"
0.7,1.0,10000.0,10,5,1.1934739846849283,"[688, 688, 688, 688, 688, 688, 688, 688, 687, 688]"
0.7,1.0,10000.0,10,5,1.1934739846849283,"[688, 689, 688, 688, 688, 688, 688, 688, 687, 688]"
0.7,1.0,10000.0,10,5,1.1934739846849283,"[689, 689, 688, 688, 689, 689, 688, 689, 689, 689]"
0.7,1.0,10000.0,10,5,1.1934739846849283,"[689, 689, 690, 689, 689, 690, 688, 690, 689, 690]"
0.7,1.0,10000.0,10,5,1.1934739846849283,"[690, 690, 690, 690, 690, 691, 689, 690, 690, 690]"
0.7,1.0,10000.0,10,5,1.1934739846849283,"[690, 691, 691, 691, 691, 691, 691, 691, 692, 691]"
0.7,1.0,10000.0,10,5,1.1934739846849283,"[692, 692, 692, 692, 692, 692, 691, 692, 692, 692]"
0.7,1.0,10000.0,10,5,1.1934739846849283,"[692, 693, 692, 693, 693, 693, 693, 693, 693, 693]"
0.7,1.0,10000.0,10,5,1.1934739846849283,"[694, 694, 693, 694, 693, 693, 694, 694, 694, 694]"
0.7,1.0,10000.0,10,5,1.1934739846849283,"[694, 694, 695, 695, 695, 695, 695, 694, 694, 694]"
0.7,1.0,10000.0,10,5,1.1934739846849283,"[696, 695, 696, 695, 695, 695, 695, 696, 695, 695]"
0.7,1.0,10000.0,10,5,1.1934739846849283,"[696, 696, 696, 696, 696, 696, 696, 696, 697, 695]"
0.7,1.0,10000.0,10,5,1.1934739846849283,"[696, 696, 696, 697, 696, 697, 696, 696, 697, 696]"
0.7,1.0,10000.0,10,5,1.1934739846849283,"[697, 696, 697, 697, 697, 697, 697, 697, 697, 697]"
0.7,1.0,10000.0,10,5,1.1934739846849283,"[697, 698, 697, 698, 698, 698, 697, 697, 698, 698]"
0.7,1.0,10000.0,10,5,1.1934739846849283,"[699, 698, 698, 699, 698, 699, 699, 698, 698, 698]"
0.7,1.0,10000.0,10,5,1.1934739846849283,"[699, 699, 698, 699, 699, 699, 699, 699, 699, 698]"
0.7,1.0,10000.0,10,5,1.1934739846849283,"[700, 699, 699, 699, 700, 699, 699, 699, 699, 699]"
0.7,1.0,10000.0,10,5,1.1934739846849283,"[700, 700, 700, 700, 700, 700, 700, 699, 700, 699]"
0.7,1.0,10000.0,10,5,1.1934739846849283,"[701, 701, 701, 701, 700, 701, 700, 701, 701, 700]"
0.7,1.0,10000.0,10,5,1.1934739846849283,"[702, 701, 702, 702, 702, 701, 701, 701, 701, 701]"
0.7,1.0,10000.0,10,5,1.1934739846849283,"[702, 703, 702, 702, 702, 702, 702, 701, 701, 702]"
0.7,1.0,10000.0,10,5,1.1934739846849283,"[703, 703, 703, 703, 702, 702, 703, 703, 702, 702]"
0.7,1.0,10000.0,10,5,1.1934739846849283,"[704, 704, 704, 704, 704, 704, 703, 703, 703, 704]"
0.7,1.0,10000.0,10,5,1.1934739846849283,"[704, 704, 704, 704, 704, 704, 704, 704, 704, 704]"
0.7,1.0,10000.0,10,5,1.1934739846849283,"[704, 705, 705, 705, 704, 704, 705, 704, 704, 705]"
0.7,1.0,10000.0,10,5,1.1934739846849283,"[705, 706, 705, 705, 704, 706, 705, 705, 705, 706]"
0.7,1.0,10000.0,10,5,1.1934739846849283,"[706, 706, 706, 706, 707, 706, 706, 706, 706, 707]"
0.7,1.0,10000.0,10,5,1.1934739846849283,"[707, 707, 707, 706, 707, 707, 707, 707, 707, 707]"
0.7,1.0,10000.0,10,5,1.1934739846849283,"[708, 707, 708, 708, 707, 708, 708, 708, 708, 708]"
0.7,1.0,10000.0,10,5,1.1934739846849283,"[709, 709, 709, 709, 709, 709, 709, 709, 709, 710]"
